Standardized SMILES,CID,Class
CCCO[C@H]1C[NH2+][C@@H]([C@@H](O)[C@H](Cc2cc(F)cc(F)c2)NC(=O)[C@H](CCc2ccccc2)N2CC[C@@](CC(C)C)(NC(C)=O)C2=O)C1,BACE_2,1
CCc1cn2c3c(cc(C(=O)N[C@@H](Cc4ccccc4)[C@H](O)C[NH2+]Cc4cccc(OC)c4)cc13)N(C)S(=O)(=O)CC2,BACE_3,1
CCOC[C@@H](Oc1cc(C[C@@H]2CS(=O)(=O)C[C@H]([NH2+]Cc3cccc(C(C)(C)C)c3)[C@H]2O)cc(F)c1N)C(F)(F)F,BACE_4,1
CCc1cn2c3c(cc(C(=O)N[C@@H](Cc4ccccc4)[C@H](O)C[NH2+]Cc4cccc(C(F)(F)F)c4)cc13)N(C)S(=O)(=O)CC2,BACE_5,1
CC(C)(C)c1cccc(C[NH2+][C@H]2C[S+]([O-])C[C@@H](Cc3cc(F)c(N)c(OC(C(F)(F)F)C(F)(F)F)c3)[C@@H]2O)c1,BACE_6,1
CCNc1cc(C(=O)N[C@@H](Cc2ccccc2)[C@H](O)C[NH2+]Cc2cccc(C(F)(F)F)c2)cc(N2CCCCS2(=O)=O)c1,BACE_13,1
CCNc1cc(C(=O)N[C@@H](Cc2ccccc2)[C@H](O)C[NH2+][C@@H](C)C(=O)NC2CCCCC2)cc(N(c2ccccc2)S(C)(=O)=O)c1,BACE_14,1
COC[C@@H](Oc1cc(C[C@@H]2C[S+]([O-])C[C@H]([NH2+]Cc3cccc(C(C)(C)C)c3)[C@H]2O)cc(F)c1N)C(F)(F)F,BACE_15,1
CCCN(CCC)C(=O)c1cc(C)cc(C(=O)N[C@@H](Cc2cc(F)cc(F)c2)[C@H](O)C[NH2+]Cc2cccc(OC)c2)c1,BACE_16,1
CCCN(CCC)C(=O)c1cc(C)cc(C(=O)N[C@@H](Cc2cc(F)cc(F)c2)[C@H](O)C[NH2+]Cc2cccc(I)c2)c1,BACE_18,1
CC(=O)N[C@@H](Cc1ccc(F)cc1)[C@H](O)C[NH2+][C@H]1CC2(CCC2)Oc2ncc(CC(C)(C)C)cc21,BACE_21,1
CC[C@H](C)[C@@]1(NC(C)=O)CCN([C@@H](CCc2ccccc2)C(=O)N[C@@H](Cc2ccccc2)[C@H](O)C[NH2+]Cc2cccc(OC)c2)C1=O,BACE_22,1
CO[C@H](C)C(=O)N[C@@H](Cc1cccc(-c2nccs2)c1)[C@H](O)C[NH2+][C@H]1CC2(CCC2)Oc2ncc(CC(C)(C)C)cc21,BACE_23,1
CC(C)[C@H](NC(=O)[C@H](C)C[C@H](O)[C@H](COCc1cc(F)cc(F)c1)NC(=O)c1cc(C(=O)N[C@H](C)c2ccccc2)cc(N(C)S(C)(=O)=O)c1)C(=O)NCc1ccccc1,BACE_24,1
CCCN(CCC)C(=O)c1cc(C)cc(C(=O)N[C@@H](Cc2cc(F)cc(F)c2)[C@H](O)[C@H]2C[C@@H](OCC)CC[NH2+]2)c1,BACE_25,1
CC(C)CNC(=O)[C@H](C)[NH2+]C[C@H](Cc1ccccc1)NC(=O)c1cc(C(=O)N[C@H](C)c2ccc(F)cc2)cc(N(C)S(C)(=O)=O)c1,BACE_26,1
CC(C)COc1ccc2c(c1)[C@]1(COC(N)=N1)c1cc(-c3cncnc3)ccc1O2,BACE_28,1
CC(=O)N[C@]1(CC(C)C)CCN([C@@H](CCc2ccccc2)C(=O)N[C@@H](Cc2cc(F)cc(F)c2)[C@H](O)[C@H]2Cc3ccccc3C[NH2+]2)C1=O,BACE_29,1
CCCN(CCC)C(=O)c1cc(C(N)=O)cc(C(=O)N[C@@H](Cc2cc(F)cc(F)c2)[C@H](O)C[NH2+]Cc2cccc(OC)c2)c1,BACE_33,1
CCC[C@H](Cc1cc2cc(-c3ccccc3C)ccc2nc1N)C(=O)NCC1CCCCC1,BACE_34,1
C[C@@]1(c2cc(NC(=O)c3ccc(C#N)cn3)ccc2F)C[C@@H](C(F)(F)F)OC(N)=N1,BACE_38,1
CCNc1cc(C(=O)N[C@@H](Cc2ccccc2)[C@H](O)C[NH2+][C@@H](C)C(=O)NC2CCCCC2)cc(N2CCCC2=O)c1,BACE_39,1
C[C@]1(c2cc(NC(=O)c3ccc(C#N)cn3)ccc2F)N=C(N)O[C@H](C(F)(F)F)[C@@H]1F,BACE_40,1
C/C=C\C=C\C[C@H]1CC[NH2+][C@@H]([C@@H](O)[C@H](Cc2cc(F)cc(F)c2)NC(=O)c2cc(C)cc(C(=O)N(CCC)CCC)c2)C1,BACE_41,1
CN1C(=O)[C@@](c2ccc(OC(F)F)cc2)(c2ccc(F)c(C#CCCCF)c2)N=C1N,BACE_42,1
C[C@H]([NH2+]C[C@@H](O)[C@H](Cc1ccccc1)NC(=O)c1cccc(N(c2ccccc2)S(C)(=O)=O)c1)C(=O)NC1CCCCC1,BACE_44,1
CO[C@H](C)C(=O)N[C@@H](Cc1ccc2c(c1)OCO2)[C@H](O)C[NH2+][C@H]1CC2(CCC2)Oc2ncc(CC(C)(C)C)cc21,BACE_45,1
COCc1cc2cc(c1)C(=O)N[C@H]([C@H](O)C[NH2+]C1(c3cccc(C(C)C)c3)CC1)Cc1cccc(c1)OCCCCN2,BACE_46,1
CCCCN(C)C(=O)n1cc(C(=O)N[C@@H](Cc2cc(F)cc(F)c2)[C@H](O)C[NH2+]Cc2cccc(OC)c2)c2cc(C#N)ccc21,BACE_48,1
N#Cc1ccc(C(=O)Nc2ccc(F)c([C@]3(CF)C[C@@H](C(F)(F)F)OC(N)=N3)c2)nc1,BACE_49,1
CCNc1cc(C(=O)N[C@@H](Cc2ccccc2)[C@H](O)C[NH2+]Cc2cccc(OC)c2)cc2c1CCCS(=O)(=O)N2C,BACE_50,1
CN1C(=O)[C@@](c2ccc(OC(F)(F)F)cc2)(c2ccc(F)c(-c3cncnc3)c2)N=C1N,BACE_51,1
CN1C(=O)[C@@](c2ccncc2)(c2cccc(-c3cc(F)ccc3F)c2)N=C1N,BACE_52,1
C[C@]1(c2cc(NC(=O)c3ccc(C#N)cn3)ccc2F)N=C(N)OCC1(F)F,BACE_54,1
CN1C(=O)[C@]2(CC(C)(C)Oc3ccc(-c4cccc(Cl)c4)cc32)N=C1N,BACE_55,1
C[C@@H](NC(=O)c1cc(COC(=O)[C@](C)([NH3+])Cc2ccccc2)cc(N(C)S(C)(=O)=O)c1)c1ccc(F)cc1,BACE_59,1
C[C@]1(c2cc(NC(=O)c3ccc(C#N)cn3)ccc2F)N=C(N)OC[C@@H]1F,BACE_61,1
CCc1cc([C@]2(c3cccc(-c4cncnc4)c3)N=C(N)N(C)C2=O)cc(CC)n1,BACE_62,1
CCNc1cc(C(=O)N[C@@H](Cc2ccccc2)[C@H](O)C[NH2+]Cc2cccc(C(F)(F)F)c2)cc(N2CCCC2=O)c1,BACE_67,1
COc1ccc([C@]2(c3cccc(-c4cccnc4)c3)N=C(N)N(C)C2=O)cc1C,BACE_68,1
C[C@]1(c2cc(NC(=O)c3ccc(C#N)cn3)ccc2F)N=C(N)O[C@@H](C(F)(F)F)[C@@H]1F,BACE_69,1
CC(=O)N[C@@H](Cc1cc(F)cc(F)c1)[C@H](O)C[NH2+]C1(c2cccc(C(C)(C)C)c2)CCCCC1,BACE_73,1
CN1C(=O)[C@]2(CC(C)(C)Cc3ccc(-c4cncnc4)cc32)N=C1N,BACE_74,1
CC(C)(C)c1cccc(C[NH2+][C@H]2CS(=O)(=O)C[C@@H](Cc3cc(F)c(N)c(C[C@H](O)C(F)(F)F)c3)[C@@H]2O)c1,BACE_76,1
N#Cc1ccc(C(=O)Nc2ccc(F)c([C@@]3(CF)N=C(N)OCC3(F)F)c2)nc1,BACE_77,1
C[C@@]1(c2cc(NC(=O)c3ccc(C#N)cn3)ccc2F)CCOC(N)=N1,BACE_78,1
CCCCNC(=O)[C@H](C)C[C@H](O)[C@H](CC(C)C)NC(=O)[C@H](CCSC)NC(=O)[C@H](CC(C)C)NC(C)=O,BACE_79,1
N#Cc1ccc(C(=O)Nc2ccc(F)c([C@]3(C(F)F)CCOC(N)=N3)c2)nc1,BACE_80,1
CC(C)(C)c1cccc(C[NH2+][C@H]2CS(=O)(=O)C[C@@H](Cc3ccc4[nH]cc(CC(F)F)c4c3)[C@@H]2O)c1,BACE_82,1
CN1C(=O)[C@@](c2ccncc2)(c2cccc(-c3cccnc3)c2)N=C1N,BACE_85,1
CN1C(=O)[C@@](c2ccsc2)(c2cccc(-c3cccnc3)c2)N=C1N,BACE_86,1
Cc1ccccc1-c1ccc2nc(N)c(CCC(=O)NC3CCCCC3)cc2c1,BACE_89,1
N#Cc1ccc(C(=O)Nc2ccc(F)c([C@@]3(CF)N=C(N)OC[C@@H]3F)c2)nc1,BACE_91,1
COCC#Cc1cccc([C@@]2(c3ccc(OC(F)F)cc3)[NH+]=C(N)N3CC(F)(F)CN=C32)c1,BACE_92,1
CCn1cc([C@]2(c3cccc(-c4cncnc4)c3)N=C(N)N(C)C2=O)cn1,BACE_95,1
CN1C(=O)[C@]2(CC(C)(C)Oc3ccc(-c4cccc(C#N)c4)cc32)N=C1N,BACE_97,1
CCCCN(CCCC)C(=O)n1cc(C(=O)N[C@@H](Cc2ccccc2)[C@H](O)C[NH2+]Cc2cccc(OC)c2)c2ccccc21,BACE_98,1
CC(C)Oc1cc(C[N@H+]2CC[C@@]3(C[C@@H]2C)CN(C)S(=O)(=O)N3c2cccc(F)c2)ccc1O,BACE_101,1
Nc1cccc(Cn2c(-c3ccc(Oc4cncnc4)cc3)ccc2-c2ccccc2Cl)n1,BACE_102,1
O=C([C@@H]1C[NH2+]C[C@]12CCCc1ccccc12)N1CC[C@@H](c2ccccc2)C[C@H]1c1ccccc1,BACE_107,0
COc1ccc([C@]2(C34CC5CC(CC(C5)C3)C4)N=C(N)N(C)C2=O)cc1C,BACE_110,0
CCOc1ccc(C(=O)Nc2ccc(F)c([C@@]3(C)N=C(N)OCC3(F)F)c2)nc1,BACE_113,0
CCCN(CCC)C(=O)c1cccc(C(=O)N[C@@H](Cc2ccccc2)[C@H](O)C[NH2+]Cc2cccc(OC)c2)c1,BACE_116,0
NC1=[NH+][C@](c2ccnc(C(F)(F)F)c2)(c2ccc(F)c(-c3cncnc3)c2)c2cccc(F)c21,BACE_118,0
COc1cccc(-c2cccc(CC[C@]3(C)CC(=O)N(C)C(N)=N3)c2)c1,BACE_119,0
C[C@@H](NC(=O)c1cc(C(=O)OC[C@@]([NH3+])(CO)Cc2ccccc2)cc(N(C)S(C)(=O)=O)c1)c1ccc(F)cc1,BACE_120,0
COc1ccc2c(c1)[C@]1(COC(N)=N1)c1cc(-c3cc(Cl)ccc3F)ccc1O2,BACE_122,0
CC1(C)Cc2cc(Cl)ccc2C(N[C@@H](Cc2cscc2Br)C(=O)[O-])=[NH+]1,BACE_123,0
COc1cccc(-c2cccc([C@]3(C)CC(=O)N(C)C(N)=N3)c2)c1,BACE_125,0
CC(C)c1cccc(C[NH2+]C[C@@H](O)[C@@H]2COC/C=C/C[C@@H](c3ccccc3)NC(=O)c3cc(cc(N(C)S(C)(=O)=O)c3)C(=O)N2)c1,BACE_126,0
N#CCCCOc1ccc(-c2ccc(-c3ccccc3Cl)n2Cc2cccc(N)n2)cc1,BACE_127,0
C[C@]1(c2cc(NC(=O)c3ccc(C#N)cn3)ccc2F)N=C(N)OC[C@H]1F,BACE_128,0
CC(=O)N[C@@H](Cc1cc(F)cc(F)c1)[C@H](O)C[NH2+]C1(c2cc(CC(C)(C)C)cs2)CC1,BACE_131,0
CCCCNC(=O)[C@H](C)C[C@H](O)[C@H](CC(C)C)NC(=O)[C@H](CCSC)NC(=O)CCC(C)C,BACE_132,0
CCCOc1cc(C(=O)N[C@@H](Cc2ccccc2)[C@H](O)C[NH2+][C@@H](C)C(=O)NC2CCCCC2)cc(N2CCCC2=O)c1,BACE_136,0
CCCc1cscc1C[C@H](NC1=[NH+]C(C)(C)Cc2cc(Cl)ccc21)C(=O)[O-],BACE_138,0
C[C@@]1(c2cc(NC(=O)c3ccc(C#N)cn3)ccc2F)C[C@H](C(F)(F)F)OC(N)=N1,BACE_142,0
CC(F)(F)c1cccc(C[NH2+][C@H]2CS(=O)(=O)C[C@@H](Cc3cc(F)c(N)c(Br)c3)[C@@H]2O)c1,BACE_146,0
CN1C(=O)[C@@](c2ccccc2)(C23CC4CC(CC(C4)C2)C3)N=C1N,BACE_148,0
CC(C)Oc1cccc(C[N@H+]2CC[C@@]3(C[C@@H]2C)CN(C)S(=O)(=O)N3c2cccc(F)c2)c1,BACE_151,0
COc1ccc([C@@]2(c3cccc(-c4cccnc4F)c3)COC(N)=N2)cc1,BACE_153,0
COc1ccc([C@H](Cc2cc([N+](=O)[O-])ccc2OC)c2c[nH]c(N)n2)cc1F,BACE_155,0
CCCCNC(=O)[C@H](C)C[C@H](O)[C@H](Cc1ccccc1)NC(=O)[C@@H]1CCC[C@H](C(C)(C)NC(C)=O)C1,BACE_156,0
CCCN(CCC)C(=O)c1cc(C)cc(C(=O)N[C@@H](Cc2cc(F)cc(F)c2)[C@@H](O)C[NH2+]Cc2cccc(OC)c2)c1,BACE_160,0
COc1cccc(-c2cccc([C@@H]3C[C@@H]3c3cc(=O)n(C)c(N)n3)c2)c1,BACE_161,0
N#Cc1ccc(COC(=O)[C@H]2C[C@]3(C[NH2+]2)C(=O)Nc2ccccc23)cc1Br,BACE_162,0
CC[C@@H](CC(=O)NCC1CCCCC1)n1c(N)nc2cc(Cl)ccc21,BACE_165,0
NC1=N[C@@]2(c3cccc(-c4cncc(Cl)c4)c3)CCCC[C@H]2O1,BACE_169,0
N#Cc1ccc(COC(=O)[C@H]2C[C@]3(C[NH2+]2)C(=O)Nc2ccccc23)cc1,BACE_170,0
Cc1cccc(-c2ccc([C@@H]3C[C@@H]3c3cc(=O)n(C)c(N)n3)cc2)c1,BACE_171,0
CN1C(=O)[C@]2(CC(C)(C)Oc3ccc(Br)cc32)N=C1N,BACE_179,0
NC1=[NH+]C(c2ccccc2)(c2ccccc2)C2=NCCCN21,BACE_180,0
COc1cncc(-c2cccc(CNc3cccnc3N)c2)c1,BACE_181,0
CN1C(=O)C[C@@](C)(CCc2ccccc2)N=C1N,BACE_183,0
CCCCNC(=O)NCc1ccc(CN2C(=N)N[C@](C)(CC(C)C)C2=O)cc1,BACE_184,0
O=C(OCc1ccccc1)[C@H]1C[C@]2(C[NH2+]1)C(=O)Nc1ccccc12,BACE_185,0
Nc1ncccc1NCc1cccc(-c2cccnc2)c1,BACE_189,0
CCCCOc1ccc(CSC(N)=[NH2+])cc1Cl,BACE_192,0
CC(C)C[C@@]1(C)NC(=N)N(Cc2cccc(Cl)c2)C1=O,BACE_195,0
Cn1c(N)nc([C@H]2C[C@H]2c2ccccc2)cc1=O,BACE_197,0
CC1(C)NC(=N)N(Cc2cccc(Cl)c2)C1=O,BACE_198,0
Nc1nc2cc(Cl)ccc2n1CCCO,BACE_199,0
CC(C)CC(NC(=O)C([NH3+])CCC(=O)[O-])C(=O)NC(CC(=O)[O-])C(=O)NC(CC(C)C)C(O)CC(C)C(=O)NC(C(=O)NC(CCC(=O)[O-])C(=O)NC(Cc1ccccc1)C(=O)[O-])C(C)C,BACE_233,1
COC(CC(O)C(COc1cc(F)cc(F)c1)NC(=O)c1cc(C(=O)NC(C)c2ccccc2)cc(N(C)S(C)(=O)=O)c1)C(=O)NC(C(=O)NCc1ccccc1)C(C)C,BACE_236,1
CC(C)CC(NC(=O)C(CC(N)=O)NC(=O)C(NC(=O)C([NH3+])CCC(=O)[O-])C(C)C)C(O)CC(C)C(=O)NC(C)C(=O)NC(CCC(=O)[O-])C(=O)NC(Cc1ccccc1)C(=O)[O-],BACE_237,1
COc1cccc(N2CC3C(=O)N(C)C(N)=NC3(c3cc(-c4cccc(C#N)c4)cs3)C2)n1,BACE_238,1
COc1cccnc1N1CC2C(=O)N(C)C(N)=NC2(c2cc(-c3cccc(C#N)c3)cs2)C1,BACE_243,1
COCCOC(CC(O)C(COc1cc(F)cc(F)c1)NC(=O)c1cc(C(=O)NC(C)c2ccccc2)cc(N(C)S(C)(=O)=O)c1)C(=O)NC(C(=O)NCc1ccccc1)C(C)C,BACE_244,1
CC#Cc1cncc(-c2cccc(C3(C4CC4)NC(=[NH2+])N(C)C3=O)c2)c1,BACE_245,1
CN1C(=O)C2CN(c3ncccc3C#N)CC2(c2cc(-c3cccc(C#N)c3)cs2)N=C1N,BACE_246,1
CCn1cc2c3c(cc(C(=O)NC(Cc4ccccc4)C(O)(O)C[NH2+]C4CCOCC4)cc31)N(C)S(=O)(=O)CC2,BACE_248,1
COc1ccc(-c2nsc(C)c2C(=O)/N=C(/N)NCc2cc(C)c(NC(C)=O)c(Cl)c2)cc1,BACE_249,1
CC(C)CNC(=O)C([NH2+]CC(Cc1ccccc1)NC(=O)c1cc(C(=O)NC(C)c2ccccc2)cc(N(C)S(C)(=O)=O)c1)C(C)O,BACE_250,1
NC1=[NH+]C(c2cccc(-c3cncnc3)c2)(c2ccnc(C(F)F)c2)c2cccc(F)c21,BACE_253,1
COc1ccc(-c2nsc(C)c2C(=O)/N=C(/N)NCc2cc(Cl)c(N)c(Cl)c2)cc1,BACE_254,1
CN1C(=[NH2+])NC(c2cccc(-c3cncc(Cl)c3)c2)(C2CC2)C1=O,BACE_256,1
COc1cccc(-c2cccc(C3(C)CC(=O)N(C)C(N)=N3)c2)c1,BACE_259,1
CC(C)(C)C#Cc1ccccc1-c1ccc2nc(N)ccc2c1,BACE_265,1
COc1cc(Cl)cc(C[NH+]2CCC(NC(=O)COc3ccc(S(N)(=O)=O)cc3C)CC2)c1OC(C)C,BACE_269,1
COc1cc(Cl)cc(C[NH+]2CCC(NC(=O)COc3ccc(S(N)(=O)=O)cc3)CC2)c1OC(C)C,BACE_270,1
CCc1cc(CC[NH3+])ccc1O,BACE_272,1
CC([NH3+])Cc1ccc(O)cc1,BACE_273,1
[NH3+]CCc1ccc(O)cc1,BACE_274,1
Cc1ccccc1-c1ccc2nc(N)c(CC(C)C(=O)NCCC(C)(C)C)cc2c1,BACE_276,1
CCC(C)C1(NC(C)=O)CCN(C(CCc2ccccc2)C(=O)NC(Cc2cc(F)cc(F)c2)C(O)C2CC(O)C[NH2+]2)C1=O,BACE_277,1
CC(=O)NC(Cc1ccc(C)c(F)c1)C(O)C[NH2+]C1CC2(CCC2)Oc2ncc(CC(C)(C)C)cc21,BACE_278,1
CC(=O)NC(Cc1cccc(F)c1)C(O)C[NH2+]C1CC2(CCC2)Oc2ncc(CC(C)(C)C)cc21,BACE_279,1
CCCN(CCC)C(=O)c1cc(C(=O)NC(Cc2cc(F)cc(F)c2)C(O)C[NH2+]Cc2cccc(OC)c2)cc(/C(C)=N\OC)c1,BACE_280,1
CCCS(=O)(=O)N(C)c1cc2cc(c1)C(=O)NC(C(O)C[NH2+]Cc1cccc(C(C)C)c1)Cc1cccc(c1)OCCCCN2,BACE_281,1
COCC(=O)NC(Cc1cc(F)cc(-c2nccs2)c1)C(O)C[NH2+]C1CC2(CCC2)Oc2ncc(CC(C)(C)C)cc21,BACE_285,1
C#Cc1cc(F)cc(CC(NC(=O)COC)C(O)C[NH2+]C2CC3(CCC3)Oc3ncc(CC(C)(C)C)cc32)c1,BACE_286,1
CC(=O)NC(Cc1ccc(F)c(F)c1)C(O)C[NH2+]C1CC2(CCC2)Oc2ncc(CC(C)(C)C)cc21,BACE_287,1
CCCN(CCC)C(=O)c1cc(C(=O)NC(Cc2cc(F)cc(F)c2)C(O)C[NH2+]Cc2cccc(OC)c2)cc(C(C)O)c1,BACE_288,1
CCCS(=O)(=O)N(C)c1cc2cc(c1)C(=O)NC(C(O)C[NH2+]C1(c3cccc(C(C)C)c3)CC1)Cc1cccc(c1)OCCCCN2,BACE_289,1
CC(C)(C)c1cccc(C[NH2+]C2CS(=O)(=O)CC(Cc3cc(F)c(N)c(OC(C(F)(F)F)C(F)(F)F)c3)C2O)c1,BACE_290,1
COC[C@@H](Oc1cc(CC2CS(=O)(=O)CC([NH2+]Cc3cccc(C(C)(C)C)c3)C2O)cc(F)c1N)C(F)(F)F,BACE_291,1
CC(C)(O)c1cccc(C[NH2+]C2CS(=O)(=O)CC(Cc3cc(F)c(N)c(OC(C(F)(F)F)C(F)(F)F)c3)C2O)c1,BACE_292,1
CC(C)(CO)c1cccc(C[NH2+]C2CS(=O)(=O)CC(Cc3cc(F)c(N)c(OC(C(F)(F)F)C(F)(F)F)c3)C2O)c1,BACE_293,1
CC(=O)NC(Cc1ccc(F)c(OC(F)(F)F)c1)C(O)C[NH2+]C1CC2(CCC2)Oc2ncc(CC(C)(C)C)cc21,BACE_294,1
CC(=O)NC(Cc1cccc(C(F)(F)F)c1)C(O)C[NH2+]C1CC2(CCC2)Oc2ncc(CC(C)(C)C)cc21,BACE_295,1
CC(=O)NC(Cc1ccc(F)c(C#N)c1)C(O)C[NH2+]C1CC2(CCC2)Oc2ncc(CC(C)(C)C)cc21,BACE_296,1
Cc1ccccc1-c1ccc2nc(N)c(CC(C)C(=O)NCC3CCCCC3)cc2c1,BACE_298,1
CC#Cc1cncc(-c2cccc(C3(c4cc(C)c(=O)n(CC)c4)N=C(N)c4c(F)cc(F)cc43)c2)c1,BACE_300,1
CCCOC1C[NH2+]C(C(O)C(Cc2cc(F)cc(F)c2)NC(=O)C(CCc2ccccc2)N2CCC(NC(C)=O)(C(C)CC)C2=O)C1,BACE_301,1
CCC(C)C1(NC(C)=O)CCN(C(CCc2ccccc2)C(=O)NC(Cc2cc(F)cc(F)c2)C(O)C2CC(OCc3cccc(C(F)(F)F)c3)C[NH2+]2)C1=O,BACE_304,1
C#Cc1ccc(F)c(CC(NC(=O)COC)C(O)C[NH2+]C2CC3(CCC3)Oc3ncc(CC(C)(C)C)cc32)c1,BACE_306,1
CCCN(CCC)C(=O)c1cc(C(=O)NC(Cc2cc(F)cc(F)c2)C(O)C[NH2+]Cc2cccc(OC)c2)cc(/C(C)=N\O)c1,BACE_307,1
CCn1cc2c3c(cc(C(=O)NC(Cc4ccccc4)[C@H](O)C[NH2+]CCC(F)(F)F)cc31)N(C)S(=O)(=O)CC2,BACE_308,1
CCOc1cc(C(=O)NC(Cc2ccccc2)C(O)C[NH2+]Cc2cccc(C(F)(F)F)c2)cc(N(c2ccccc2)S(C)(=O)=O)c1,BACE_309,1
CCC(C)C1(NC(C)=O)CCN(C(CCc2ccccc2)C(=O)NC(Cc2cc(F)cc(F)c2)C(O)C2CC(OCc3cccc(C#N)c3)C[NH2+]2)C1=O,BACE_310,1
C[C@@H](Oc1cc(CC2CS(=O)(=O)CC([NH2+]Cc3cccc(C(C)(C)C)c3)C2O)cc(F)c1N)C(F)(F)F,BACE_311,1
CC(CC(O)C(COc1cc(F)cc(F)c1)NC(=O)c1cc(C(=O)NC(C)c2ccccc2)cc(N(C)S(C)(=O)=O)c1)C(=O)NC(C(=O)NCc1ccccc1)C(C)C,BACE_312,1
CC(O)C(=O)NC(Cc1cccc(-c2nccs2)c1)C(O)C[NH2+]C1CC2(CCC2)Oc2ncc(CC(C)(C)C)cc21,BACE_313,1
CC(C)c1cccc(C[NH2+]CC(O)C2COC/C=C/C[C@H](c3ccccc3)NC(=O)c3cc(cc(N(C)S(C)(=O)=O)c3)C(=O)N2)c1,BACE_314,1
C#Cc1cccc(CC(NC(=O)COC)C(O)C[NH2+]C2CC3(CCC3)Oc3ncc(CC(C)(C)C)cc32)c1,BACE_315,1
CC(=O)NC(Cc1ccccc1F)C(O)C[NH2+]C1CC2(CCC2)Oc2ncc(CC(C)(C)C)cc21,BACE_316,1
COc1ccc(CC(NC(C)=O)C(O)C[NH2+]C2CC3(CCC3)Oc3ncc(CC(C)(C)C)cc32)cc1F,BACE_317,1
CC(CC(O)C(COCc1ccccc1)NC(=O)c1cc(C(=O)NC(C)c2ccccc2)cc(N(C)S(C)(=O)=O)c1)C(=O)NC(C(=O)NCc1ccccc1)C(C)C,BACE_318,1
C#Cc1cc(CC(NC(=O)COC)C(O)C[NH2+]C2CC3(CCC3)Oc3ncc(CC(C)(C)C)cc32)ccc1F,BACE_319,1
CC(=O)NC(Cc1cccc(-c2nccs2)c1)C(O)C[NH2+]C1CC2(CCC2)Oc2ncc(CC(C)(C)C)cc21,BACE_320,1
CC(=O)NC(Cc1ccc(F)c(C)c1)C(O)C[NH2+]C1CC2(CCC2)Oc2ncc(CC(C)(C)C)cc21,BACE_321,1
CCCN(CCC)C(=O)c1cc(C(C)=O)cc(C(=O)NC(Cc2cc(F)cc(F)c2)C(O)C[NH2+]Cc2cccc(OC)c2)c1,BACE_322,1
COCCOC[C@@H](Oc1cc(CC2CS(=O)(=O)CC([NH2+]Cc3cccc(C(C)(C)C)c3)C2O)cc(F)c1N)C(F)(F)F,BACE_324,1
COCC(=O)NC(Cc1cccc(-c2nccs2)c1)C(O)C[NH2+]C1CC2(CCC2)Oc2ncc(CC(C)(C)C)cc21,BACE_325,1
CCC(C)C1(NC(C)=O)CCN(C(CCc2ccccc2)C(=O)NC(Cc2cc(F)cc(F)c2)C(O)C2Cc3cccc(OC)c3C[NH2+]2)C1=O,BACE_326,1
COc1cc(CC(NC(C)=O)C(O)C[NH2+]C2CC3(CCC3)Oc3ncc(CC(C)(C)C)cc32)ccc1F,BACE_327,1
CCCOC1C[NH2+]C(C(O)C(Cc2cc(F)cc(F)c2)NC(=O)C(CCc2ccccc2)N2CCC(C(O)CCC)C2=O)C1,BACE_328,1
CCn1cc2c3c(cc(C(=O)NC(Cc4ccccc4)C(O)C[NH2+]C4CCOCC4)cc31)N(C)S(=O)(=O)CC2,BACE_329,1
CCc1cn2c3c(cc(C(=O)NC(Cc4ccccc4)C(O)C[NH2+]C(C)(C)CCCC(C)C)cc13)N(C)S(=O)(=O)CC2,BACE_331,1
CCc1cn2c3c(cc(C(=O)N[C@@H](Cc4ccccc4)[C@H](O)C[NH2+]C4CCOCC4)cc13)N(CC)S(=O)(=O)CC2,BACE_332,1
CC(C)c1cc(C(=O)NC(Cc2ccccc2)C(O)C[NH2+]Cc2cccc(C(F)(F)F)c2)cc(N(c2ccccc2)S(C)(=O)=O)c1,BACE_333,1
CC(=O)NC(Cc1ccccc1)C(O)C[NH2+]C1CC2(CCC2)Oc2ncc(CC(C)C)cc21,BACE_334,1
CCCC(O)C1CCN(C(CCc2ccccc2)C(=O)NC(Cc2cc(F)cc(F)c2)C(O)C[NH2+]Cc2cccc(OC)c2)C1=O,BACE_335,1
COCC(=O)NC(Cc1ccc2c(c1)OCO2)C(O)C[NH2+]C1CC2(CCC2)Oc2ncc(CC(C)(C)C)cc21,BACE_337,1
CCCOC1C[NH2+]C(C(O)C(Cc2cc(F)cc(F)c2)NC(=O)C(CCc2ccccc2)N2CCC(CC(C)C)C2=O)C1,BACE_338,1
COCC(=O)NC(Cc1cccc(-c2nc(C)cs2)c1)C(O)C[NH2+]C1CC2(CCC2)Oc2ncc(CC(C)(C)C)cc21,BACE_339,1
CCOCC(=O)NC(Cc1cccc(-c2nccs2)c1)C(O)C[NH2+]C1CC2(CCC2)Oc2ncc(CC(C)(C)C)cc21,BACE_340,1
CC(=O)NC(Cc1ccccc1)C(O)C[NH2+]C1CC2(CCC2)Oc2ncc(CC(C)(C)C)cc21,BACE_341,1
CCCO/N=C(/C)c1cc(C(=O)NC(Cc2cc(F)cc(F)c2)[C@@H](O)C[NH2+]Cc2cccc(OC)c2)cc(N(c2ccccc2)S(C)(=O)=O)c1,BACE_344,1
CCNc1cc(C(=O)N[C@@H](Cc2ccccc2)[C@H](O)C[NH2+]C(C)(C)c2cccc(C(F)(F)F)c2)cc(N2CCCCS2(=O)=O)c1,BACE_345,1
CC(C)(C)c1cccc(C[NH2+]C2CS(=O)(=O)CC(Cc3cc(F)c(N)c(OCC(F)F)c3)C2O)c1,BACE_347,1
CC(C)(C)c1cccc(C[NH2+]C2CS(=O)(=O)CC(Cc3cc(F)c(N)c(OCC(F)(F)F)c3)C2O)c1,BACE_348,1
CC#CCOc1cnc(C(=O)Nc2ccc(F)c(C3(C)N=C(N)OCC3(F)F)c2)cn1,BACE_350,1
CCC(C)C1(NC(C)=O)CCN(C(CCc2ccccc2)C(=O)NC(Cc2cc(F)cc(F)c2)C(O)C[NH2+]Cc2cccc(OC)c2)C1=O,BACE_352,1
COCC(=O)NC(Cc1ccc(F)c(-c2nccs2)c1)C(O)C[NH2+]C1CC2(CCC2)Oc2ncc(CC(C)(C)C)cc21,BACE_353,1
CC(C)(C)Cc1cnc2c(c1)C([NH2+]CC(O)C(Cc1cccc(-c3nccs3)c1)NC(=O)C1CCCO1)CC1(CCC1)O2,BACE_354,1
CC#Cc1cncc(-c2cccc(C3(c4ccnc(C(F)F)c4)N=C(N)c4c(F)cccc43)c2)c1,BACE_355,1
CC(=O)NC(Cc1ccc(F)cc1F)C(O)C[NH2+]C1CC2(CCC2)Oc2ncc(CC(C)(C)C)cc21,BACE_356,1
CC(=O)NC(Cc1cc(F)cc(F)c1)C(O)C[NH2+]C1CC2(CCC2)Oc2ncc(CC(C)(C)C)cc21,BACE_358,1
CCc1cn2c3c(cc(C(=O)NC(Cc4ccccc4)C(O)C[NH2+]CCC(F)(F)F)cc13)N(C)S(=O)(=O)CC2,BACE_360,1
CCc1cn2c3c(cc(C(=O)NC(Cc4ccccc4)C(O)C[NH2+]C4CCCCC4)cc13)N(CC)S(=O)(=O)CC2,BACE_361,1
CC(C)(C)c1cccc(C[NH2+]C2C[S+]([O-])CC(Cc3cc(F)c(N)c(OC(CO)C(F)(F)F)c3)C2O)c1,BACE_364,1
CO[C@@H](C)C(=O)NC(Cc1cccc(-c2nccs2)c1)C(O)C[NH2+]C1CC2(CCC2)Oc2ncc(CC(C)(C)C)cc21,BACE_365,1
CCCCN(C)C(=O)n1cc(C(=O)NC(Cc2cc(F)cc(F)c2)C(O)C[NH2+]Cc2cccc(OC)c2)c2ccccc21,BACE_366,1
CC(C)c1cccc(C[NH2+]CC(O)C2COC/C=C\CCN(C)C(=O)c3cc(cc(N(C)S(C)(=O)=O)c3)C(=O)N2)c1,BACE_367,1
CCC[NH2+]C[C@@H](O)[C@H](Cc1ccccc1)NC(=O)c1cc2c3c(cn(CC)c3c1)CCS(=O)(=O)N2C,BACE_369,1
CC([NH2+]CC(O)C(Cc1ccccc1)NC(=O)c1cccc(N(c2cccc(C#N)c2)S(C)(=O)=O)c1)C(=O)NC1CCCCC1,BACE_371,1
CCc1cc(CC2CS(=O)(=O)CC([NH2+]Cc3cccc(C(C)(C)C)c3)C2O)cc(F)c1NC(C)=O,BACE_372,1
CC(=O)NC(Cc1ccc2c(c1)OCO2)C(O)C[NH2+]C1CC2(CCC2)Oc2ncc(CC(C)(C)C)cc21,BACE_373,1
CCCCn1cc(C2(c3cccc(-c4cncnc4)c3)N=C(N)N(C)C2=O)cn1,BACE_374,1
CCCc1scc(-c2cn[nH]c2)c1CC(NC1=NC(C)(C)Cc2cc(Cl)ccc21)C(=O)[O-],BACE_375,1
CC(C)(C)c1cccc(C[NH2+]C2C[S+]([O-])CC(Cc3cc(F)c(N)c(OCC(F)(F)F)c3)C2O)c1,BACE_376,1
CCn1cc(C2(c3cccc(-c4cncc(C#N)c4)c3)N=C(N)c3c(F)cccc32)cc(C)c1=O,BACE_377,1
CC(=O)NC(Cc1ccc(Cl)cc1)C(O)C[NH2+]C1CC2(CCC2)Oc2ncc(CC(C)(C)C)cc21,BACE_378,1
CCCCN(C)C(=O)n1cc(C(=O)NC(Cc2cc(F)cc(F)c2)C(O)C[NH2+]Cc2cccc(CC)c2)c2cccnc21,BACE_379,1
COc1cccc(C[NH2+]C[C@H](O)[C@H](Cc2cc(F)cc(F)c2)NC(=O)c2cc(/C(C)=N\OCc3ccccc3)cc(N(C)S(C)(=O)=O)c2)c1,BACE_381,1
COc1cccc(C[NH2+]C[C@H](O)[C@H](Cc2cc(F)cc(F)c2)NC(=O)c2cc(/C(C)=N\O)cc(N(c3ccccc3)S(C)(=O)=O)c2)c1,BACE_382,1
CCc1cn2c3c(cc(C(=O)NC(Cc4ccccc4)C(O)C[NH2+]C4CCCCC4)cc13)N(C)S(=O)(=O)CC2,BACE_384,1
COCc1cc2cc(n1)OCCCCOc1cccc(c1)CC(C(O)C[NH2+]C1(c3cccc(C(C)C)c3)CC1)NC2=O,BACE_385,1
CC(C)(C)Cc1cnc2c(c1)C([NH2+]CC(O)C(Cc1cccc(-c3nccs3)c1)NC(=O)[C@@H]1CCCO1)CC1(CCC1)O2,BACE_386,1
COCC(=O)NC(Cc1cc(-c2nccs2)ccc1F)C(O)C[NH2+]C1CC2(CCC2)Oc2ncc(CC(C)(C)C)cc21,BACE_388,1
COC(OC)C(=O)NC(Cc1cccc(-c2nccs2)c1)C(O)C[NH2+]C1CC2(CCC2)Oc2ncc(CC(C)(C)C)cc21,BACE_391,1
C=CCO/N=C(/C)c1cc(C(=O)NC(Cc2cc(F)cc(F)c2)C(O)C[NH2+]Cc2cccc(OC)c2)cc(C(=O)N(CCC)CCC)c1,BACE_392,1
CCCN(CCC)C(=O)c1cc(CCO)cc(C(=O)NC(Cc2cc(F)cc(F)c2)C(O)C[NH2+]Cc2cccc(OC)c2)c1,BACE_393,1
CO/N=C(\C)c1cc(C(=O)NC(Cc2cc(F)cc(F)c2)[C@@H](O)C[NH2+]Cc2cccc(OC)c2)cc(N(c2ccccc2)S(C)(=O)=O)c1,BACE_394,1
CCCN(CCC)C(=O)c1cc(Oc2ccccc2)cc(C(=O)NC(Cc2cc(F)cc(F)c2)C(O)C[NH2+]Cc2cccc(OC)c2)c1,BACE_395,1
CCCN(CCC)C(=O)c1cc(Oc2ccc(OC)cc2)cc(C(=O)NC(Cc2cc(F)cc(F)c2)C(O)C[NH2+]Cc2cccc(OC)c2)c1,BACE_396,1
CCC(C)[NH2+]C[C@@H](O)[C@H](Cc1ccccc1)NC(=O)c1cc2c3c(cn(CC)c3c1)CCS(=O)(=O)N2C,BACE_397,1
COc1ccc([C@@]2(c3ccc(F)c(-c4cccnc4F)c3)N=C(N)N(C)C2=O)cc1C,BACE_398,1
CC(NC(=O)c1cc(C(=O)NC(COc2cc(F)cc(F)c2)C(O)C[C@H](C)C(=O)NC(C(=O)NCc2ccccc2)C(C)C)cc(N(C)S(C)(=O)=O)c1)c1ccccc1,BACE_399,1
CCc1cc(C2(c3cccc(-c4cccnc4F)c3)N=C(N)N(C)C2=O)cc(CC)n1,BACE_400,1
CC([NH2+]CC(O)C(Cc1ccccc1)NC(=O)c1cccc(N(c2ccc(Cl)cc2)S(C)(=O)=O)c1)C(=O)NC1CCCCC1,BACE_401,1
CN1C(=O)[C@@](c2ccc(OC(F)F)cc2)(c2cccc(-c3cccnc3F)c2)N=C1N,BACE_402,1
CN1C(=O)[C@@](c2ccc(OC(F)F)cc2)(c2cccc(C#CCF)c2)N=C1N,BACE_403,1
CN1C(=O)[C@@](c2ccc(OC(F)F)cc2)(c2cccc(C#CCCF)c2)N=C1N,BACE_404,1
CN1C(=O)[C@@](c2ccc(OC(F)F)cc2)(c2cccc(C#CCCO)c2)N=C1N,BACE_405,1
CN1C(=O)[C@@](c2ccc(OC(F)F)cc2)(c2cccc(C#CCCCCO)c2)N=C1N,BACE_406,1
CN1C(=O)[C@@](c2ccc(OC(F)F)cc2)(c2ccc(F)c(OCCCF)c2)N=C1N,BACE_407,1
CN1C(=O)[C@@](c2ccc(OC(F)F)cc2)(c2cccc(OCCC(F)F)c2)N=C1N,BACE_408,1
COC[C@H]1CCCN1C(=O)n1cc(C(=O)N[C@@H](Cc2cc(F)cc(F)c2)[C@H](O)C[NH2+]Cc2cccc(OC)c2)c2cccnc21,BACE_409,1
CCC(C)C1(NC(C)=O)CCN(C(CCc2ccccc2)C(=O)NC(Cc2cc(F)cc(F)c2)C(O)C2CC(OCc3ccc(F)cc3)C[NH2+]2)C1=O,BACE_411,1
CCn1cc(C2(c3cccc(-c4cccnc4F)c3)N=C(N)N(C)C2=O)cn1,BACE_412,1
CCCCn1cc(C2(c3cccc(-c4cccnc4F)c3)N=C(N)N(C)C2=O)cn1,BACE_413,1
CCC(=O)c1cc(C2(c3cccc(-c4cccnc4F)c3)N=C(N)N(C)C2=O)cs1,BACE_414,1
CC#Cc1cncc(-c2ccc3c(c2)C2(CC(C)(C)O3)N=C(N)N(C)C2=O)c1,BACE_415,1
COCC(Oc1cc(CC2C[S+]([O-])CC([NH2+]C(C)c3cccc(C(C)(C)C)c3)C2O)cc(F)c1N)C(F)(F)F,BACE_416,1
COCC(Oc1cc(CC2C[S+]([O-])CC([NH2+]Cc3cc(C(C)(C)C)ccc3F)C2O)cc(F)c1N)C(F)(F)F,BACE_417,1
CC(=O)NC(Cc1ccc(F)c(C(F)(F)F)c1)C(O)C[NH2+]C1CC2(CCC2)Oc2ncc(CC(C)(C)C)cc21,BACE_418,1
COc1cccc(C[NH2+]C[C@H](O)[C@H](Cc2cc(F)cc(F)c2)NC(=O)c2cccc(N(c3ccccc3)S(C)(=O)=O)c2)c1,BACE_419,1
CCCN(CCC)C(=O)c1cc(C(=O)NC(Cc2cc(F)cc(F)c2)C(O)C[NH2+]Cc2cccc(OC)c2)cc(S(=O)(=O)c2ccccc2)c1,BACE_420,1
C#CC[NH2+]C[C@@H](O)C(Cc1ccccc1)NC(=O)c1cc2c3c(cn(CC)c3c1)CCS(=O)(=O)N2C,BACE_421,1
COc1ccc(N(c2cccc(C(=O)NC(Cc3ccccc3)C(O)C[NH2+]C(C)C(=O)NC3CCCCC3)c2)S(C)(=O)=O)cc1,BACE_422,1
CC([NH2+]CC(O)C(Cc1ccccc1)NC(=O)c1cccc(N(c2cc(Cl)cc(Cl)c2)S(C)(=O)=O)c1)C(=O)NC1CCCCC1,BACE_423,1
CC(Cc1cc2cc(-c3ncccc3Cl)ccc2nc1N)C(=O)NCCC(C)(C)C,BACE_424,1
C#Cc1cccc(CC(NC(=O)COC)C(O)C[NH2+]C2CC3(CCC3)Oc3ncc(CC(C)(C)C)cc32)c1F,BACE_427,1
CCC(=O)NC(Cc1cccc(-c2nccs2)c1)C(O)C[NH2+]C1CC2(CCC2)Oc2ncc(CC(C)(C)C)cc21,BACE_428,1
CCCN(CCC)C(=O)c1cc(C(=O)NC(Cc2cc(F)cc(F)c2)C(O)C[NH2+]Cc2cccc(OC)c2)cc(S(=O)(=O)c2ccc(OC)cc2)c1,BACE_430,1
COCC#Cc1cc([C@@]2(c3ccc(OC(F)F)cc3)N=C(N)N(C)C2=O)ccc1F,BACE_431,1
CCOC[C@H]1CCCN1C(=O)n1cc(C(=O)N[C@@H](Cc2cc(F)cc(F)c2)[C@H](O)C[NH2+]Cc2cccc(OC)c2)c2cccnc21,BACE_432,1
COCC(Oc1cc(CC2C[S+]([O-])CC([NH2+]Cc3cccc(C(C)(C)CO)c3)C2O)cc(F)c1N)C(F)(F)F,BACE_434,1
CCn1cc(C2(c3cccc(-c4cncc(F)c4)c3)N=C(N)c3c(F)cccc32)cc(C)c1=O,BACE_435,1
CCCN(CCC)C(=O)c1cc(Sc2ccccc2)cc(C(=O)NC(Cc2cc(F)cc(F)c2)C(O)C[NH2+]Cc2cccc(OC)c2)c1,BACE_436,1
COCC#Cc1cc([C@@]2(c3ccc(OC(F)F)c(C)c3)N=C(N)N(C)C2=O)ccc1F,BACE_439,1
CCCCN(C)C(=O)n1cc(C(=O)NC(Cc2cc(F)cc(F)c2)C(O)C[NH2+]Cc2cccc(OC)c2)c2cc(F)ccc21,BACE_440,1
C#CCOc1cnc(C(=O)Nc2ccc(F)c(C3(C)N=C(N)OCC3(F)F)c2)cn1,BACE_441,1
COCC(Oc1cc(CC2C[S+]([O-])CC([NH2+]Cc3cccc(C(C)(C)O)c3)C2O)cc(F)c1N)C(F)(F)F,BACE_442,1
COc1cncc(-c2cccc(C3(c4ccc(OC(F)F)cc4)N=C(N)N4CC(F)(F)CN=C43)c2)c1,BACE_443,1
CC(=O)NC(Cc1ccc(OC(F)(F)F)cc1)C(O)C[NH2+]C1CC2(CCC2)Oc2ncc(CC(C)(C)C)cc21,BACE_444,1
CCc1cn2c3c(cc(C(=O)NC(Cc4ccccc4)[C@H](O)C[NH2+]Cc4cccc(OC)c4)cc13)NS(=O)(=O)CC2,BACE_445,1
CC(=O)NC(Cc1cc(F)cc(F)c1)C(O)C[NH2+]C1(c2cccc(C(C)(C)C)c2)CCc2nc(N)ncc2C1,BACE_446,1
CCS(=O)(=O)c1cc(C(=O)NC(Cc2ccccc2)C(O)C[NH2+]Cc2cccc(C(F)(F)F)c2)cc(N(c2ccccc2)S(C)(=O)=O)c1,BACE_447,1
CC(C)c1cccc(C[NH2+]CC(O)C2COC/C=C/CCNC(=O)c3cc(cc(N(C)S(C)(=O)=O)c3)C(=O)N2)c1,BACE_449,1
CCc1cn2c3c(cc(C(=O)NC(Cc4ccccc4)C(O)C[NH2+]C4CCOCC4)cc13)N(C)S(=O)(=O)CC2,BACE_451,1
CCc1cn2c3c(cc(C(=O)NC(Cc4ccccc4)C(O)C[NH2+]C)cc13)N(C)S(=O)(=O)CC2,BACE_452,1
CC(=O)c1ccccc1-c1ccc2nc(N)c(CC(C)C(=O)NCCC(C)(C)C)cc2c1,BACE_454,1
CCC(=O)c1cc(C2(c3cccc(-c4cncnc4)c3)N=C(N)N(C)C2=O)cs1,BACE_455,1
CC#Cc1cccc(CC(NC(=O)COC)C(O)C[NH2+]C2CC3(CCC3)Oc3ncc(CC(C)(C)C)cc32)c1,BACE_456,1
CN(c1cc2cc(c1)C(=O)NC(C(O)C[NH2+]Cc1cccc(C(C)(C)C)c1)COC/C=C/CCNC2=O)S(C)(=O)=O,BACE_457,1
CCn1cc(C2(c3cccc(-c4cncnc4)c3)N=C(N)c3c(F)cccc32)cc(C)c1=O,BACE_459,1
CCCN(CCC)C(=O)c1cc(CC(C)O)cc(C(=O)NC(Cc2cc(F)cc(F)c2)C(O)C[NH2+]Cc2cccc(OC)c2)c1,BACE_460,1
CCC(Cc1cc2cc(-c3ccccc3C)ccc2nc1N)C(=O)NCC1CCCCC1,BACE_461,1
Cc1cccnc1-c1ccc2nc(N)c(CC(C)C(=O)NCCC(C)(C)C)cc2c1,BACE_462,1
CCCC(O)C1CCN(C(CCc2ccccc2)C(=O)NC(Cc2cc(F)cc(F)c2)C(O)C2CC(O)C[NH2+]2)C1=O,BACE_463,1
CC(C)CCn1cc(C2(c3cccc(-c4cccnc4F)c3)N=C(N)N(C)C2=O)cn1,BACE_464,1
CCOC(C)C(=O)NC(Cc1cccc(-c2nccs2)c1)C(O)C[NH2+]C1CC2(CCC2)Oc2ncc(CC(C)(C)C)cc21,BACE_465,1
CC(C)c1cccc(C[NH2+]CC(O)C2COCCCCCNC(=O)c3cc(cc(N(C)S(C)(=O)=O)c3)C(=O)N2)c1,BACE_466,1
CCCc1ccc2c(c1)C1(COC(N)=N1)c1cc(-c3cncnc3)ccc1O2,BACE_467,1
COc1cccc(C[NH2+]C[C@H](O)[C@H](Cc2cc(F)cc(F)c2)NC(=O)c2cc(C(C)=O)cc(N(c3ccccc3)S(C)(=O)=O)c2)c1,BACE_468,1
Cc1cc2cc(n1)OCCCCOc1cccc(c1)CC(C(O)C[NH2+]C1(c3cccc(C(C)C)c3)CC1)NC2=O,BACE_469,1
CCCOc1cccc2c1C[NH2+]C(C(O)C(Cc1cc(F)cc(F)c1)NC(=O)C(CCc1ccccc1)N1CCC(NC(C)=O)(C(C)CC)C1=O)C2,BACE_470,1
Cc1cc(Cl)cnc1C(=O)Nc1ccc(F)c(C2(C)N=C(N)OCC2(F)F)c1,BACE_471,1
CCNc1cc(C(=O)NC(Cc2ccccc2)C(O)C[NH2+]Cc2cccc(C(F)(F)F)c2)cc(N2CCCCS2(=O)=O)c1OC,BACE_472,1
COc1cccc(N(c2cccc(C(=O)NC(Cc3ccccc3)C(O)C[NH2+]C(C)C(=O)NC3CCCCC3)c2)S(C)(=O)=O)c1,BACE_475,1
CN1C(=O)C2(CC(C)(C)Cc3ccc(-c4cccc(C#N)c4)cc32)N=C1N,BACE_477,1
COCC(Oc1cc(CC2C[S+]([O-])CC([NH2+]Cc3cccc(C(C)C)c3)C2O)cc(F)c1N)C(F)(F)F,BACE_478,1
COc1ccc(CC(NC(C)=O)C(O)C[NH2+]C2CC3(CCC3)Oc3ncc(CC(C)(C)C)cc32)cc1OC,BACE_479,1
CCNc1cc(C(=O)NC(Cc2ccccc2)C(O)C[NH2+]Cc2cccc(C(F)(F)F)c2)cc2c1CCCS(=O)(=O)N2C,BACE_481,1
CC(=O)NC(Cc1cc(F)cc(F)c1)C(O)C[NH2+]C1(c2cccc(C(C)(C)C)c2)CCC(NO)CC1,BACE_482,1
CCCCC1CCN(C(CCc2ccccc2)C(=O)NC(Cc2cc(F)cc(F)c2)C(O)C2CC(OCCC)C[NH2+]2)C1=O,BACE_484,1
CN1C(=O)C2(CC(C)(C)Oc3ccc(-c4cncc(Cl)c4)cc32)N=C1N,BACE_485,1
CC1(c2cc(NC(=O)c3nn(C(F)F)cc3Cl)ccc2F)N=C(N)OCC1(F)F,BACE_486,1
CCCN(CCC)C(=O)c1cc(C)cc(C(=O)NC(Cc2cc(F)cc(F)c2)[C@@H](O)C[NH2+]Cc2cccc(OC)c2)c1,BACE_488,1
CCCN(CCC)C(=O)c1cc(C(=O)NC(Cc2cc(F)cc(F)c2)C(O)C[NH2+]Cc2cccc(OC)c2)cc(C(C)NC(C)=O)c1,BACE_489,1
CCn1cc2c3c(cc(C(=O)NC(Cc4ccccc4)[C@H](O)C[NH2+]CC(F)F)cc31)N(C)S(=O)(=O)CC2,BACE_490,1
CCc1cn2c3c(cc(C(=O)NC(Cc4ccccc4)C(O)C[NH2+]C4CC4)cc13)N(C)S(=O)(=O)CC2,BACE_491,1
CCc1cn2c3c(cc(C(=O)NC(Cc4ccccc4)C(O)C[NH2+]C4CC4)cc13)N(CC)S(=O)(=O)CC2,BACE_492,1
NC1=[NH+][C@](c2ccc(OC(F)(F)F)cc2)(c2cccc(-c3cccnc3F)c2)C2=NCCCN21,BACE_493,1
COc1ccc(C2(c3ccc(F)c(-c4cncnc4)c3)N=C(N)N(C)C2=O)cc1C,BACE_494,1
COc1ccc(C2(c3cccc(-c4cccnc4F)c3)N=C(N)N(C)C2=O)cc1C,BACE_495,1
CC([NH2+]CC(O)C(Cc1ccccc1)NC(=O)c1cccc(N(c2ccc(C(F)(F)F)cc2)S(C)(=O)=O)c1)C(=O)NC1CCCCC1,BACE_497,1
CN1C(=O)[C@@](c2ccc(OC(F)F)cc2)(c2cccc(/C(F)=C\C3CC3)c2)N=C1N,BACE_499,1
COC/C=C/c1cccc([C@@]2(c3ccc(OC(F)F)cc3)N=C(N)N(C)C2=O)c1,BACE_500,1
COCC/C=C/c1cccc([C@@]2(c3ccc(OC(F)F)cc3)N=C(N)N(C)C2=O)c1,BACE_501,1
CC#Cc1cccc([C@@]2(c3ccc(OC(F)F)cc3)N=C(N)N(C)C2=O)c1,BACE_502,1
CC(C)C#Cc1cccc([C@@]2(c3ccc(OC(F)F)cc3)N=C(N)N(C)C2=O)c1,BACE_503,1
CN1C(=O)[C@@](c2ccc(OC(F)F)cc2)(c2cccc(C#CC3CC3)c2)N=C1N,BACE_504,1
COCC#Cc1cccc([C@@]2(c3ccc(OC(F)F)cc3)N=C(N)N(C)C2=O)c1,BACE_505,1
COCCC#Cc1cccc([C@@]2(c3ccc(OC(F)F)cc3)N=C(N)N(C)C2=O)c1,BACE_506,1
C[C@@H](O)C#Cc1cccc([C@@]2(c3ccc(OC(F)F)cc3)N=C(N)N(C)C2=O)c1,BACE_507,1
CN1C(=O)[C@@](c2ccc(OC(F)F)cc2)(c2ccc(F)c(C#CC3CC3)c2)N=C1N,BACE_509,1
Cc1cc([C@]2(c3ccc(F)c(C#CC4CC4)c3)N=C(N)N(C)C2=O)ccc1OC(F)F,BACE_510,1
Cc1cc([C@]2(c3ccc(F)c(C#CCF)c3)N=C(N)N(C)C2=O)ccc1OC(F)F,BACE_511,1
COc1cccc(C[NH2+]CC(O)C(Cc2cc(F)cc(F)c2)NC(=O)C(CCc2ccccc2)N2CCC(CC(C)C)C2=O)c1,BACE_513,1
CN1C(=O)C(c2cccc(-c3cncnc3)c2)(c2cnn(CCC(C)(C)C)c2)N=C1N,BACE_514,1
CC(C)Cn1cc(C2(c3cccc(-c4cccnc4F)c3)N=C(N)N(C)C2=O)cn1,BACE_516,1
CN1C(=O)C(c2cccc(-c3cccnc3F)c2)(c2cnn(CCC(C)(C)C)c2)N=C1N,BACE_517,1
CCC(CC)Cn1cc(C2(c3cccc(-c4cccnc4F)c3)N=C(N)N(C)C2=O)cn1,BACE_518,1
CCCOC1C[NH2+]C(C(O)C(Cc2cc(F)cc(F)c2)NC(=O)C(CCc2ccccc2)N2CCC(C(C)C)C2=O)C1,BACE_522,1
CCCN(CCC)C(=O)c1cc(Oc2ccc(F)cc2)cc(C(=O)NC(Cc2cc(F)cc(F)c2)C(O)C[NH2+]Cc2cccc(OC)c2)c1,BACE_524,1
CCc1cn2c3c(cc(C(=O)N[C@@H](Cc4ccccc4)[C@H](O)C[NH2+]C(C)CC)cc13)N(C)S(=O)(=O)CC2,BACE_525,1
Cc1cc([C@]2(c3cccc(C#CC4CC4)c3)N=C(N)N(C)C2=O)ccc1OC(F)F,BACE_526,1
CC[NH2+]C[C@@H](O)[C@H](Cc1ccccc1)NC(=O)c1cc2c3c(cn(CC)c3c1)CCS(=O)(=O)N2C,BACE_530,1
CCNc1cc(C(=O)NC(Cc2ccccc2)C(O)C[NH2+]Cc2cccc(C(F)(F)F)c2)cc(N2CCCCS2(=O)=O)c1C,BACE_531,1
CCn1ccc2c(N3CCCC3=O)cc(C(=O)NC(Cc3ccccc3)C(O)C[NH2+]Cc3cccc(C(F)(F)F)c3)cc21,BACE_532,1
CCc1cn2c3c(cc(C(=O)NC(Cc4ccccc4)C(O)C[NH2+]C(C)(C)CCCC(C)C)cc13)N(C)S(=O)(=O)C2,BACE_533,1
CCc1cn2c3c(cc(C(=O)NC(Cc4ccccc4)C(O)C[NH2+]C4CCOCC4)cc13)N(C(C)C)S(=O)(=O)CC2,BACE_534,1
CS(=O)(=O)N(c1ccccc1)c1cccc(C(=O)NC(Cc2ccccc2)C(O)C[NH2+]Cc2cccc(C(F)(F)F)c2)c1,BACE_535,1
CCCCN(C)C(=O)n1cc(C(=O)NC(Cc2ccccc2)C(O)C[NH2+]Cc2cccc(Br)c2)c2cccnc21,BACE_536,1
CCCOC1C[NH2+]C(C(O)C(Cc2cc(F)cc(F)c2)NC(=O)C(CCc2ccccc2)N2CCC(COC)C2=O)C1,BACE_537,1
CN1C(=O)C2(CC(C)(C)Sc3ccc(-c4cc(F)cc(Cl)c4)cc32)N=C1N,BACE_538,1
NC1=NC(c2ccc(OC(F)F)cc2)(c2cccc(-c3cncnc3)c2)C2=NCC(F)(F)CN12,BACE_540,1
CC(=O)NC(Cc1cc(F)cc(F)c1)C(O)C[NH2+]C1(c2cccc(C(C)(C)C)c2)CCC(O)CC1,BACE_541,1
CSC1CCC([NH2+]CC(O)C(Cc2cc(F)cc(F)c2)NC(C)=O)(c2cccc(C(C)(C)C)c2)CC1,BACE_542,1
CCOc1cc(CC2CS(=O)(=O)CC([NH2+]Cc3cccc(C(C)(C)C)c3)C2O)cc(F)c1N,BACE_544,1
CN1C(=O)C2(CC(C)(C)Cc3ccc(-c4cc(F)cc(Cl)c4)cc32)N=C1N,BACE_545,1
CCCO/N=C(/C)c1cc(C(=O)NC(Cc2cc(F)cc(F)c2)[C@@H](O)C[NH2+]Cc2cccc(OC)c2)cc(N2CCCCS2(=O)=O)c1,BACE_546,1
CCCCC1CCN(C(CCc2ccccc2)C(=O)NC(Cc2cc(F)cc(F)c2)C(O)C2CC(O)C[NH2+]2)C1=O,BACE_549,1
CC1(c2cc(NC(=O)c3cnc(OCC(F)(F)F)cn3)ccc2F)N=C(N)OCC1(F)F,BACE_551,1
CCc1c[nH]c2c(N3CCCC3=O)cc(C(=O)NC(Cc3ccccc3)C(O)C[NH2+]Cc3cccc(C(F)(F)F)c3)cc12,BACE_552,1
Cc1c(C(=O)NC(Cc2ccccc2)C(O)C[NH2+]Cc2cccc(C(F)(F)F)c2)cccc1N(c1ccccc1)S(C)(=O)=O,BACE_555,1
CCOC[C@H]1CCCCN1C(=O)n1cc(C(=O)N[C@@H](Cc2cc(F)cc(F)c2)[C@H](O)C[NH2+]Cc2cccc(OC)c2)c2cccnc21,BACE_556,1
CC#Cc1cncc(-c2cccc(C3(c4cc(C)c(OC)c(C)c4)N=C(C)C(N)=N3)c2)c1,BACE_557,1
CC1(c2cc(NC(=O)c3ccc(Cl)cn3)ccc2F)N=C(N)OCC1(F)F,BACE_558,1
CC1(c2cc(NC(=O)c3ncc(Cl)cc3Cl)ccc2F)N=C(N)OCC1(F)F,BACE_559,1
CC(C)(C)Cc1cnc2c(c1)C([NH2+]CC(O)C(Cc1ccc3c(c1)OCO3)NC(=O)c1cccnc1)CC1(CCC1)O2,BACE_560,1
C=CCO/N=C(/C)c1cc(C(=O)N[C@@H](Cc2cc(F)cc(F)c2)[C@@H](O)C[NH2+]Cc2cccc(OC)c2)cc(N(c2ccccc2)S(C)(=O)=O)c1,BACE_561,1
CCCN(CCC)C(=O)c1cc(Sc2ccc(OC)cc2)cc(C(=O)NC(Cc2cc(F)cc(F)c2)C(O)C[NH2+]Cc2cccc(OC)c2)c1,BACE_562,1
Cc1ccccc1-c1ccc2nc(N)c(CC(C(=O)NCC3CCCCC3)C(C)C)cc2c1,BACE_564,1
COc1cnc(C(=O)Nc2ccc(F)c(C3(C)N=C(N)OCC3(F)F)c2)cn1,BACE_565,1
COc1cccc(C[NH2+]CC(O)C(Cc2cc(F)cc(F)c2)NC(=O)c2cn(C(=O)N(C)CCC(C)C)c3ncccc23)c1,BACE_569,1
CN1C(=O)C2(CC(C)(C)Oc3ccc(-c4cc(Cl)cc(Cl)c4)cc32)N=C1N,BACE_571,1
CN1C(=O)C2(CC(C)(C)Oc3ccc(-c4cccc(OC(F)F)c4)cc32)N=C1N,BACE_572,1
COc1ccc(F)c(-c2cccc(C3(c4ccncc4)N=C(N)N4CC(F)(F)CN=C43)c2)c1,BACE_573,1
CC(F)C(=O)NC(Cc1ccc2c(c1)OCO2)C(O)C[NH2+]C1CC2(CCC2)Oc2ncc(CC(C)(C)C)cc21,BACE_574,1
CCc1cn2c3c(cc(C(=O)NC(Cc4ccccc4)C(O)C[NH2+]C4CCOCC4)cc13)N(CC(F)(F)F)S(=O)(=O)CC2,BACE_575,1
O=C(C1C[NH2+]CC12CCCc1nc(Cl)ccc12)N1CCC(c2ccccc2)CC1C1CCCCC1,BACE_576,1
COc1ccc(C2(c3cccc(-c4cncnc4)c3)N=C(N)N(C)C2=O)cc1C,BACE_579,1
CCc1cc([C@]2(c3cccc(-c4cncnc4)c3)N=C(N)N(C)C2=O)ccn1,BACE_580,1
COc1cccc(-c2cccc(C3(c4ccncc4)N=C(N)N(C)C3=O)c2)c1,BACE_581,1
CN1C(=O)C(c2ccncc2)(c2cccc(-c3cccnc3F)c2)N=C1N,BACE_582,1
COc1ccc([C@]2(c3cccc(-c4cccnc4F)c3)N=C(N)N(C)C2=O)cc1,BACE_583,1
CN1C(=O)[C@@](c2ccc(OCCF)cc2)(c2cccc(-c3cccnc3F)c2)N=C1N,BACE_584,1
CCCCc1cccc([C@@]2(c3ccc(OC(F)F)cc3)N=C(N)N(C)C2=O)c1,BACE_585,1
CN1C(=O)[C@@](c2ccc(OC(F)F)cc2)(c2cccc(/C=C/CC(F)F)c2)N=C1N,BACE_586,1
CCCC#Cc1cccc([C@@]2(c3ccc(OC(F)F)cc3)N=C(N)N(C)C2=O)c1,BACE_587,1
CN1C(=O)[C@@](c2ccc(OC(F)F)cc2)(c2cccc(OCC(F)F)c2)N=C1N,BACE_588,1
CN1C(=O)[C@@](c2ccc(OC(F)F)cc2)(c2ccc(F)c(OCCC=C(F)F)c2)N=C1N,BACE_589,1
CN1C(=O)[C@@](c2ccc(OC(F)F)cc2)(c2cccc(OCCC=C(F)F)c2)N=C1N,BACE_590,1
CCCC#Cc1cc([C@@]2(c3ccc(OC(F)F)c(C)c3)N=C(N)N(C)C2=O)ccc1F,BACE_591,1
COC[C@H]1CCCCN1C(=O)n1cc(C(=O)N[C@@H](Cc2cc(F)cc(F)c2)[C@H](O)C[NH2+]Cc2cccc(OC)c2)c2cccnc21,BACE_592,1
CCCCN(C)C(=O)n1cc(C(=O)NC(Cc2cc(F)cc(F)c2)C(O)C[NH2+]Cc2cccc(OC)c2)c2cc(Cl)ccc21,BACE_593,1
CC(C)Cn1cc(C2(c3cccc(-c4cncnc4)c3)N=C(N)N(C)C2=O)cn1,BACE_594,1
CC(C)CCn1cc(C2(c3cccc(-c4cncnc4)c3)N=C(N)N(C)C2=O)cn1,BACE_595,1
CCn1cc(C2(c3ccc(F)c(-c4cccnc4F)c3)N=C(N)N(C)C2=O)cn1,BACE_596,1
CN1C(=O)C(c2cccc(-c3cccnc3F)c2)(c2cnn(CC(F)(F)F)c2)N=C1N,BACE_597,1
CN1C(=O)C(c2ccsc2)(c2ccc(F)c(-c3cccnc3F)c2)N=C1N,BACE_598,1
CN1C(=O)C2(CC(C)(C)Cc3ccc(-c4cccnc4F)cc32)N=C1N,BACE_599,1
CN1C(=O)C2(CC(C)(C)Cc3ccc(-c4cncc(Cl)c4)cc32)N=C1N,BACE_600,1
NC1=NC(c2ccc(OC(F)F)cc2)(c2cccc(-c3cccnc3F)c2)C2=NCC(F)(F)CN12,BACE_601,1
CCCN(CCC)C(=O)c1cccc(C(=O)NC(Cc2cc(F)cc(F)c2)C(O)C[NH2+]Cc2cccc(OC)c2)c1,BACE_602,1
CCC(C)C1(NC(C)=O)CCN(C(C)C(=O)NC(Cc2cc(F)cc(F)c2)C(O)C2CC(O)C[NH2+]2)C1=O,BACE_605,1
CC1(c2cc(NC(=O)c3ccc(Cl)cn3)ccc2F)COCC(N)=N1,BACE_606,1
CCn1cc2c3c(cc(C(=O)NC(Cc4ccccc4)[C@H](O)C[NH2+]CC(F)(F)C(F)(F)F)cc31)N(C)S(=O)(=O)CC2,BACE_608,1
CCCCCN(C)C(=O)n1cc(C(=O)NC(Cc2cc(F)cc(F)c2)C(O)C[NH2+]Cc2cccc(OC)c2)c2cccnc21,BACE_610,1
COCC1CCN(C(CCc2ccccc2)C(=O)NC(Cc2cc(F)cc(F)c2)C(O)C[NH2+]Cc2cccc(OC)c2)C1=O,BACE_611,1
CCOC[C@H](Oc1cc(CC2CS(=O)(=O)CC([NH2+]Cc3cccc(C(C)(C)C)c3)C2O)cc(F)c1N)C(F)(F)F,BACE_612,1
C#Cc1ccc(C(=O)Nc2ccc(F)c(C3(C)N=C(N)OCC3(F)F)c2)nc1,BACE_613,1
CC(=O)NC(Cc1cc(F)cc(F)c1)C(O)C[NH2+]C1(c2cccc(C(C)(C)C)c2)CCC(C(F)(F)F)CC1,BACE_615,1
CCCCN(C)C(=O)n1cc(C(=O)NC(Cc2cc(F)cc(F)c2)C(O)C[NH2+]Cc2cccc(OC)c2)c2cccnc21,BACE_616,1
COc1cc(CC2C[S+]([O-])CC([NH2+]Cc3cccc(C(C)(C)C)c3)C2O)cc(F)c1N,BACE_618,1
CC(C)(C)Cc1cnc2c(c1)C([NH2+]CC(O)C(Cc1ccc3c(c1)OCO3)NC(=O)c1cccnc1F)CC1(CCC1)O2,BACE_619,1
NC1=[NH+]C(c2ccc(OC(F)(F)F)cc2)(c2cccc(-c3cncnc3)c2)C2=NCCCN21,BACE_621,1
Cc1ccccc1-c1ccc2nc(N)c(CCC(=O)NCC3CCCCC3)cc2c1,BACE_622,1
CCC(C)C1(NC(C)=O)CCN(C(CCc2ccccc2)C(=O)NC(Cc2cc(F)cc(F)c2)C(O)C2CC([NH3+])C[NH2+]2)C1=O,BACE_623,1
CCCOC1C[NH2+]C(C(O)C(Cc2cc(F)cc(F)c2)NC(=O)C(C)N2CCC(CC(C)C)C2=O)C1,BACE_624,1
NC1=NC(c2ccnc(C(F)F)c2)(c2ccc(F)c(-c3cncnc3)c2)c2cccc(F)c21,BACE_625,1
CC(=O)NC(Cc1ccc(OC(F)F)c(OC(F)F)c1)C(O)C[NH2+]C1CC2(CCC2)Oc2ncc(CC(C)(C)C)cc21,BACE_626,1
COc1ccc(C2(c3cccc(-c4cccnc4)c3)N=C(N)N(C)C2=O)cc1Cl,BACE_627,1
Cc1ccc2c(n1)CCCC21C[NH2+]CC1C(=O)N1CCC(c2ccccc2)CC1C1CCCCC1,BACE_628,1
CC(C)(C)c1cccc(C[NH2+]C2CS(=O)(=O)CC(Cc3ccc(N)c(OCC(F)(F)F)c3)C2O)c1,BACE_629,1
CN1C(=O)C2(CC(C)(C)Oc3ccc(-c4cc(Cl)ccc4F)cc32)N=C1N,BACE_631,1
CC1(c2cc(NC(=O)c3ccn(C(F)F)n3)ccc2F)N=C(N)OCC1(F)F,BACE_632,1
NC1=NC(c2ccnc(C(F)F)c2)(c2ccc(F)c(-c3cncnc3)c2)c2cc(F)cc(F)c21,BACE_633,1
COc1ccc(C2(c3ccc(F)c(-c4cccnc4)c3)N=C(N)N3CC(F)(F)CN=C32)cc1C,BACE_634,1
COc1cccc(C[NH2+]C[C@H](O)[C@H](Cc2cc(F)cc(F)c2)NC(=O)c2cc(/C(C)=N\O)cc(N3CCCCS3(=O)=O)c2)c1,BACE_635,1
CC(=O)NC(Cc1cc(F)cc(F)c1)C(O)C[NH2+]C1(c2cccc(C(C)(C)C)c2)CCC(CO)CC1,BACE_636,1
CCCCC1CCN(C(CCc2ccccc2)C(=O)NC(Cc2cc(F)cc(F)c2)C(O)C[NH2+]Cc2cccc(OC)c2)C1=O,BACE_637,1
CN1C(=O)C2(CC(C)(C)Oc3ccc(-c4cc(F)cc(Cl)c4)cc32)N=C1N,BACE_638,1
CC1(c2cc(NC(=O)c3ncc(Cl)cc3Cl)ccc2F)CCOC(N)=N1,BACE_639,1
CCn1cc2c3c(cc(C(=O)NC(Cc4ccccc4)[C@H](O)C[NH2+]CCF)cc31)N(C)S(=O)(=O)CC2,BACE_640,1
CCc1cn(C)c2c(N3CCCC3=O)cc(C(=O)NC(Cc3ccccc3)C(O)C[NH2+]Cc3cccc(C(F)(F)F)c3)cc12,BACE_641,1
Cc1ccoc1C(=O)Nc1cccc(C2(C3CCCCC3)N=C(N)N(C)C2=O)c1,BACE_643,1
COc1ccc(C2(c3cccc(-c4cccnc4)c3)N=C(N)N(C)C2=O)cc1C(F)(F)F,BACE_644,1
CN1C(=O)C(c2ccncc2)(c2cccc(-c3cccc(C#N)c3)c2)N=C1N,BACE_645,1
CN1C(=O)C(c2ccncc2)(c2cccc(-c3cccc(F)c3F)c2)N=C1N,BACE_646,1
Nc1nc(Cn2c(-c3ccc(Oc4cncnc4)cc3)ccc2-c2ccccc2Cl)ccc1OCCO,BACE_647,1
CN1C(=O)[C@@](c2ccc(OC(F)F)cc2)(c2cccc(/C=C/CCF)c2)N=C1N,BACE_648,1
CN1C(=O)[C@@](c2ccc(OC(F)F)cc2)(c2cccc(/C=C/CCCO)c2)N=C1N,BACE_649,1
CCC#Cc1cccc([C@@]2(c3ccc(OC(F)F)cc3)N=C(N)N(C)C2=O)c1,BACE_650,1
CN1C(=O)[C@@](c2ccc(OC(F)F)cc2)(c2cccc(C#CCCCCF)c2)N=C1N,BACE_651,1
CCCC(O)C1CCN(C(C)C(=O)NC(Cc2cc(F)cc(F)c2)C(O)C2CC(O)C[NH2+]2)C1=O,BACE_652,1
CCn1cc(C2(c3ccc(F)c(-c4cncnc4)c3)N=C(N)N(C)C2=O)cn1,BACE_653,1
CC(C)n1cc(C2(c3ccc(F)c(-c4cccnc4F)c3)N=C(N)N(C)C2=O)cn1,BACE_654,1
CN1C(=O)C(c2ccsc2)(c2cccc(-c3cccnc3F)c2)N=C1N,BACE_655,1
COc1cncc(-c2cccc(C3(c4ccsc4)N=C(N)N(C)C3=O)c2)c1,BACE_656,1
CN1CC(C)(c2cc(NC(=O)c3ccc(Cl)cn3)ccc2F)N=C(N)C1=O,BACE_657,1
CC#Cc1cc([C@@]2(c3ccc(OC(F)F)cc3)N=C(N)N(C)C2=O)ccc1F,BACE_658,1
COc1c(C)cc(C2(c3cccc(-c4cncnc4)c3)N=C(N)c3c(F)cccc32)cc1C#N,BACE_659,1
Cc1cc2cc(n1)OCCCCOc1cccc(c1)CC(C(O)C[NH2+]Cc1cccc(C(C)C)c1)NC2=O,BACE_660,1
CC1(c2cc(NC(=O)c3ccc(OC(F)(F)C(F)F)cn3)ccc2F)N=C(N)OCC1(F)F,BACE_661,1
COc1cccc(C[NH2+]C[C@H](O)[C@H](Cc2cc(F)cc(F)c2)NC(=O)c2cc(C(C)O)cc(N3CCCCS3(=O)=O)c2)c1,BACE_662,1
COc1cccc(C[NH2+]C[C@H](O)[C@H](Cc2cc(F)cc(F)c2)NC(=O)c2cc(C(C)O)cc(N(C)S(C)(=O)=O)c2)c1,BACE_663,1
CC(C)(C)c1cccc(C[NH2+]C2CS(=O)(=O)CC(Cc3cc(F)c(N)c(OCCF)c3)C2O)c1,BACE_664,1
CC(C)Oc1cc(CC2CS(=O)(=O)CC([NH2+]Cc3cccc(C(C)(C)C)c3)C2O)cc(F)c1N,BACE_665,1
CC(=O)NC(Cc1ccc(C(F)(F)F)c(F)c1)C(O)C[NH2+]C1CC2(CCC2)Oc2ncc(CC(C)(C)C)cc21,BACE_666,1
Nc1c(F)cc(CC2CS(=O)(=O)CC([NH2+]Cc3cccc(OC(F)(F)F)c3)C2O)cc1OC(C(F)(F)F)C(F)(F)F,BACE_668,1
CC(=O)Nc1c(Cl)cc(CNC(=[NH2+])NC(=O)Cn2ccc3ccc(C#N)cc32)cc1Cl,BACE_669,1
CCCCN(CCCC)C(=O)n1cc(C(=O)NC(Cc2cc(F)cc(F)c2)C(O)C[NH2+]Cc2cccc(OC)c2)c2ccccc21,BACE_670,1
CCCOc1cc(CC2CS(=O)(=O)CC([NH2+]Cc3cccc(C(C)(C)C)c3)C2O)ccc1N,BACE_671,1
CC1(c2cc(NC(=O)c3ncc(Cl)cc3Cl)ccc2F)COCC(N)=N1,BACE_672,1
CC(=O)NC(Cc1cc(F)cc(F)c1)C(O)C[NH2+]C1(c2cc(F)cc(C(C)(C)C)c2)CCCCC1,BACE_673,1
CC(=O)NC(Cc1cc(F)cc(F)c1)C(O)C[NH2+]C1(c2cccc(C(C)C)c2)CCCCC1,BACE_677,1
C#Cc1ccc(CC(NC(=O)COC)C(O)C[NH2+]C2CC3(CCC3)Oc3ncc(CC(C)(C)C)cc32)cc1,BACE_678,1
CN1C(=O)C2(CC(C)(C)Sc3ccc(-c4cccc(C#N)c4)cc32)N=C1N,BACE_679,1
CC[NH2+]CC(O)C(Cc1ccccc1)NC(=O)c1cc2c3c(c1)c(CC)cn3CCS(=O)(=O)N2C,BACE_680,1
CC(C)(C)Cc1cnc2c(c1)C([NH2+]CC(O)C(Cc1ccc3c(c1)OCO3)NC(=O)c1ccc(F)nc1)CC1(CCC1)O2,BACE_683,1
CC(=O)NC(Cc1cc(F)cc(F)c1)C(O)C[NH2+]C1(c2cccc(C(C)(C)C)c2)CCC(C)CC1,BACE_684,1
CCc1cn2c3c(cc(C(=O)NC(Cc4ccccc4)[C@H](O)C[NH2+]CCF)cc13)N(C)S(=O)(=O)CC2,BACE_685,1
COCc1cc2cc(c1)C(=O)NC(C(O)C[NH2+]C(C)(C)c1cccc(C(C)C)c1)Cc1cccc(c1)OCCCCN2,BACE_686,1
CCOc1cc(C2(c3cccc(-c4cccnc4)c3)N=C(N)N(C)C2=O)ccc1OC,BACE_688,1
CCCOc1cc(C2(c3cccc(-c4cccnc4)c3)N=C(N)N(C)C2=O)ccc1OC,BACE_689,1
CCCCOc1cc(C2(c3cccc(-c4cccnc4)c3)N=C(N)N(C)C2=O)ccc1OC,BACE_690,1
COc1ccc(C2(c3cccc(-c4cccnc4)c3)N=C(N)N(C)C2=O)cc1F,BACE_691,1
CN1C(=O)C(c2ccncc2)(c2cccc(-c3cccc(F)c3)c2)N=C1N,BACE_692,1
CN1C(=O)[C@@](c2ccc(OC(F)F)cc2)(c2cccc(CCCC#N)c2)N=C1N,BACE_693,1
COCCC/C=C/c1cccc([C@@]2(c3ccc(OC(F)F)cc3)N=C(N)N(C)C2=O)c1,BACE_694,1
CN1C(=O)[C@@](c2ccc(OC(F)F)cc2)(c2cccc(/C=C/CCO)c2)N=C1N,BACE_695,1
CN1C(=O)C(c2cccc(-c3cccnc3F)c2)(c2cnn(CCF)c2)N=C1N,BACE_699,1
COc1ccc(C(=O)Nc2ccc(F)c(C3(C)N=C(N)OCC3(F)F)c2)nc1,BACE_700,1
CO/N=C(/C)c1cc(C(=O)NC(Cc2cc(F)cc(F)c2)[C@@H](O)C[NH2+]Cc2cccc(OC)c2)cc(N2CCCCS2(=O)=O)c1,BACE_701,1
CCc1cc(CC2CS(=O)(=O)CC([NH2+]Cc3cccc(C(C)(C)C)c3)C2O)cc(F)c1NC(=O)C[NH+](C)C,BACE_702,1
CCCN(CCC)C(=O)c1cc(Oc2ccccc2OC)cc(C(=O)NC(Cc2cc(F)cc(F)c2)C(O)C[NH2+]Cc2cccc(OC)c2)c1,BACE_703,1
CCC(C)C1(NC(C)=O)CCN(C(CCc2ccccc2)C(=O)NC(Cc2cc(F)cc(F)c2)C(O)C2Cc3ccccc3C[NH2+]2)C1=O,BACE_704,1
CCCN(CCC)C(=O)c1cc(C(=O)NC(Cc2cc(F)cc(F)c2)C(O)C[NH2+]Cc2cccc(OC)c2)cc(/C(C)=N\OCC(C)C)c1,BACE_705,1
CC(C)(C)c1cccc(C[NH2+]C2CS(=O)(=O)CC(Cc3ccc(O)c(Br)c3)C2O)c1,BACE_706,1
CC(C)(C)c1cccc(C[NH2+]C2CS(=O)(=O)CC(Cc3cc(F)c(N)c(Br)c3)C2O)c1,BACE_707,1
CCCOc1cc(CC2CS(=O)(=O)CC([NH2+]Cc3cccc(C(C)(C)C)c3)C2O)cc(F)c1N,BACE_708,1
COCCC#Cc1cccc(C2(c3ccc(OC(F)F)cc3)N=C(N)N3CC(F)(F)CN=C32)c1,BACE_709,1
CC1(c2cc(NC(=O)c3ccc(OC(F)(F)F)cn3)ccc2F)N=C(N)OCC1(F)F,BACE_710,1
CC(=O)Nc1c(Cl)cc(CNC(=[NH2+])NC(=O)Cn2ccc3cc(C#N)ccc32)cc1Cl,BACE_711,1
NC1=NC(c2ccc(OC(F)F)cc2)(c2cccc(C#COCCCF)c2)C2=NCC(F)(F)CN12,BACE_712,1
CCCO/N=C(/C)c1cc(C(=O)NC(Cc2cc(F)cc(F)c2)[C@@H](O)C[NH2+]Cc2cccc(OC)c2)cc(N(C)S(C)(=O)=O)c1,BACE_713,1
CO/N=C(\C)c1cc(C(=O)NC(Cc2cc(F)cc(F)c2)[C@@H](O)C[NH2+]Cc2cccc(OC)c2)cc(N(C)S(C)(=O)=O)c1,BACE_714,1
NC1=[NH+]C(c2ccc(OC(F)(F)F)cc2)(c2cccc(-c3cccnc3F)c2)C2=NCCCN21,BACE_716,1
COCc1cc2cc(c1)C(=O)NC(C(O)C[NH2+]Cc1cccc(C(C)C)c1)Cc1cccc(c1)OCCCCN2,BACE_717,1
COc1ccc(C2(c3cccc(-c4cccnc4)c3)N=C(N)N(C)C2=O)cc1OC(C)C,BACE_718,1
CN1C(=O)C(c2ccc(OC(F)(F)F)cc2)(c2cccc(-c3cccnc3F)c2)N=C1N,BACE_719,1
CN1C(=O)C(c2ccncc2)(c2cccc(-c3cc(F)cc(F)c3)c2)N=C1N,BACE_720,1
CN1C(=O)[C@@](c2ccc(OC(F)(F)F)cc2)(c2cccc(-c3cccnc3F)c2)N=C1N,BACE_721,1
CN1C(=O)[C@@](c2ccc(OC(F)F)cc2)(c2cccc(CCCC(F)(F)F)c2)N=C1N,BACE_722,1
CNC(=O)Oc1ccc(CC2CS(=O)(=O)CC([NH2+]Cc3cccc(C(C)C)c3)C2O)cc1Br,BACE_723,1
CCCCC1CCN(C(C)C(=O)NC(Cc2cc(F)cc(F)c2)C(O)C[NH2+]Cc2cccc(OC)c2)C1=O,BACE_724,1
COc1ccc(F)c(-c2ccc3c(c2)C2(CC(C)(C)O3)N=C(N)N(C)C2=O)c1,BACE_725,1
Cc1cc(C2(c3cccc(-c4cncnc4)c3)N=C(N)c3c(F)cccc32)cn(C)c1=O,BACE_726,1
C[NH+](C)CC(=O)Nc1ccc(CC2CS(=O)(=O)CC([NH2+]Cc3cccc(C(C)(C)C)c3)C2O)cc1F,BACE_728,1
CC#Cc1cncc(-c2cc(C3(C4CC4)N=C(C)C(N)=N3)ccc2O)c1,BACE_729,1
COc1cc(F)cc(-c2ccc3c(c2)C2(CC(C)(C)O3)N=C(N)N(C)C2=O)c1,BACE_730,1
CCNc1cc(C(=O)NC(Cc2ccccc2)C(O)C[NH2+]Cc2cccc(C(F)(F)F)c2)cc(N2CCCC2=O)c1C,BACE_732,1
CN1C(=O)C2(CC(C)(C)Oc3ccc(-c4cncc(C(F)(F)F)c4)cc32)N=C1N,BACE_733,1
CCCCN(C)C(=O)n1cc(C(=O)NC(Cc2cc(F)cc(F)c2)C(O)C[NH2+]Cc2cccc(OC)c2)c2ccc(F)cc21,BACE_735,1
CC1(c2cc(NC(=O)c3ccc(F)cn3)ccc2F)N=C(N)OCC1(F)F,BACE_736,1
CCCN(CCC)C(=O)c1cc(C(=O)NC(Cc2cc(F)cc(F)c2)C(O)C[NH2+]Cc2cccc(OC)c2)cc(/C(C)=N\OCc2ccccc2)c1,BACE_737,1
CCCC(O)C1CCN(C(C)C(=O)NC(Cc2cc(F)cc(F)c2)C(O)C[NH2+]Cc2cccc(OC)c2)C1=O,BACE_740,1
CC(C)(C)c1ccnc(C[NH2+]C2CS(=O)(=O)CC(Cc3cc(F)c(N)c(OC(C(F)(F)F)C(F)(F)F)c3)C2O)c1,BACE_741,1
COc1cccc(-c2ccc3c(c2)C2(CC(C)(C)O3)N=C(N)N(C)C2=O)c1,BACE_742,1
COc1ccc(C2(c3cccc(-c4cccnc4F)c3)[NH+]=C(N)N3CCCN=C32)cc1,BACE_743,1
COc1ccc(C2(C34CC5CC(CC(C5)C3)C4)N=C(N)N(C)C2=O)cc1,BACE_744,1
CC(C)c1cc(C2(c3cccc(-c4cncnc4)c3)N=C(N)N(C)C2=O)ccn1,BACE_746,1
Nc1nc(Cn2c(-c3ccc(Oc4cncnc4)cc3)ccc2-c2ccccc2Cl)ccc1NCCO,BACE_748,1
CN1C(=O)[C@@](c2ccc(OC(F)F)cc2)(c2ccc(F)c(OCC(F)F)c2)N=C1N,BACE_749,1
Cc1cc([C@]2(c3ccc(F)c(OCC(F)F)c3)N=C(N)N(C)C2=O)ccc1OC(F)F,BACE_750,1
CCCCN(C)C(=O)n1cc(C(=O)NC(Cc2cc(F)cc(F)c2)C(O)C[NH2+]Cc2cccc(OC)c2)c2cc(C(=O)[O-])ccc21,BACE_751,1
CCCOC1C[NH2+]C(C(O)C(Cc2cc(F)cc(F)c2)NC(=O)C(C)N2CCC(C(O)CCC)C2=O)C1,BACE_752,1
CN1C(=O)C(c2ccsc2)(c2cccc(-c3cncnc3)c2)N=C1N,BACE_754,1
O=C(C1C[NH2+]CC12CCCc1cc(Br)ccc12)N1CCC(c2ccccc2)CC1c1ccccc1,BACE_755,1
CCOc1cccc(-c2ccc3c(c2)C2(CC(C)(C)O3)N=C(N)N(C)C2=O)c1,BACE_756,1
COCC(=O)NC(Cc1cccc(-c2nccs2)c1F)C(O)C[NH2+]C1CC2(CCC2)Oc2ncc(CC(C)(C)C)cc21,BACE_757,1
C#CC[NH2+]C[C@@H](O)C(Cc1ccccc1)NC(=O)c1cc2c3c(c1)c(CC)cn3CCS(=O)(=O)N2C,BACE_758,1
COCCN(C)C(=O)n1cc(C(=O)NC(Cc2cc(F)cc(F)c2)C(O)C[NH2+]Cc2cccc(OC)c2)c2cccnc21,BACE_760,1
COc1cccc(C[NH2+]CC(O)C(Cc2cc(F)cc(F)c2)NC(=O)c2cccc(N3CCCCS3(=O)=O)c2)c1,BACE_761,1
CN1C(=O)C2(CC(C)(C)Oc3ccc(-c4cccc(C(F)(F)F)c4)cc32)N=C1N,BACE_762,1
COc1cccc(C[NH2+]C[C@H](O)[C@H](Cc2cc(F)cc(F)c2)NC(=O)c2cccc(N(C)S(C)(=O)=O)c2)c1,BACE_763,1
CC(C)(C)c1cccc(C[NH2+]C2CS(=O)(=O)CC(Cc3cc(F)c(N)c(OCCC(F)(F)F)c3)C2O)c1,BACE_764,1
COc1cccc(C[NH2+]CC(O)C(Cc2cc(F)cc(F)c2)NC(=O)C(CCc2ccccc2)N2CCC(C(C)C)C2=O)c1,BACE_765,1
COc1cccc(C[NH2+]C[C@H](O)[C@H](Cc2cc(F)cc(F)c2)NC(=O)c2cc(/C(C)=N\O)cc(N(C)S(C)(=O)=O)c2)c1,BACE_766,1
COc1cc(C(C)(C)C)cc(C2([NH2+]CC(O)C(Cc3cc(F)cc(F)c3)NC(C)=O)CCCCC2)c1,BACE_768,1
COC(Cc1cc(CC2CS(=O)(=O)CC([NH2+]Cc3cccc(C(C)(C)C)c3)C2O)cc(F)c1N)C(F)(F)F,BACE_769,1
CCn1cc2c3c(cc(C(=O)NC(Cc4ccccc4)[C@H](O)C[NH2+]CC(F)(F)F)cc31)N(C)S(=O)(=O)CC2,BACE_771,1
CC(=O)Nc1c(Cl)cc(CNC(=[NH2+])NC(=O)Cn2ccc3ccc(Br)cc32)cc1Cl,BACE_773,1
CCOc1ccc(C2(c3cccc(-c4cccnc4F)c3)[NH+]=C(N)N3CCCN=C32)cc1OCC,BACE_774,1
NC1=[NH+]C(c2ccc(OC(F)(F)F)cc2)(c2cccc(-c3cccnc3F)c2)C2=NCCN21,BACE_775,1
Cc1cc([C@]2(c3cccc(-c4cncnc4)c3)N=C(N)N(C)C2=O)ccn1,BACE_777,1
CN1C(=O)[C@@](c2ccc(OC(F)F)cc2)(c2cccc(C(=O)CCCF)c2)N=C1N,BACE_778,1
CN1C(=O)[C@@](c2ccc(OC(F)F)cc2)(c2cccc([C@H](F)CCCF)c2)N=C1N,BACE_779,1
Cc1cc([C@]2(c3ccccc3)N=C(N)N(C)C2=O)ccc1OC(F)F,BACE_780,1
CC(C)n1cc(C2(c3ccc(F)c(-c4cncnc4)c3)N=C(N)N(C)C2=O)cn1,BACE_781,1
CCc1cc(C2(c3cccc(-c4cncnc4)c3)N=C(N)N(C)C2=O)cs1,BACE_782,1
CN1C(=O)C(c2cccc(-c3cncnc3)c2)(c2csc(Cl)c2)N=C1N,BACE_783,1
COCC(Oc1cc(CC2C[S+]([O-])CC([NH2+]Cc3cccc(OC(C)C)c3)C2O)cc(F)c1N)C(F)(F)F,BACE_784,1
Cc1cc2cc(n1)OCCCCOc1cccc(c1)CC(C(O)C[NH2+]C(C)c1cccc(C(C)C)c1)NC2=O,BACE_786,1
CCCCC1CCN(C(C)C(=O)NC(Cc2cc(F)cc(F)c2)C(O)C2CC(OCCC)C[NH2+]2)C1=O,BACE_791,1
Cc1ccc(C(=O)Nc2ccc(F)c(C3(C)N=C(N)OCC3(F)F)c2)nc1,BACE_792,1
COc1cccc(C[NH2+]CC(O)C(Cc2cc(F)cc(F)c2)NC(=O)C(C)N2CCC(CC(C)C)C2=O)c1,BACE_795,1
COc1cccc(-c2cccc(C3(c4ccncc4)N=C(N)N4CCCN=C43)c2)c1F,BACE_796,1
COc1cccc(C[NH2+]C[C@H](O)[C@H](Cc2cc(F)cc(F)c2)NC(=O)c2cc(C(C)=O)cc(N3CCCCS3(=O)=O)c2)c1,BACE_797,1
COc1ccc(C2(c3cccc(-c4cccnc4)c3)N=C(N)N(C)C2=O)cc1OC,BACE_798,1
CCCc1cccc([C@@]2(c3ccc(OC(F)F)cc3)N=C(N)N(C)C2=O)c1,BACE_800,1
CCCCCc1cccc([C@@]2(c3ccc(OC(F)F)cc3)N=C(N)N(C)C2=O)c1,BACE_801,1
CN1C(=O)[C@@](c2ccc(OC(F)F)cc2)(c2cccc(/C=C/C3CC3)c2)N=C1N,BACE_802,1
CN1C(=O)C(c2ccsc2)(c2ccc(F)c(-c3cccnc3)c2)N=C1N,BACE_803,1
CCc1cn2c3c(cc(C(=O)NC(Cc4ccccc4)C(O)C[NH2+]C)cc13)N(C)S(=O)(=O)C2,BACE_806,1
CCc1cnc2c(c1)C([NH2+]CC(O)C(Cc1ccccc1)NC(C)=O)CC1(CCC1)O2,BACE_807,1
COc1ccc(C2(c3cccc(-c4cccnc4)c3)N=C(N)N3CCCN=C32)cc1,BACE_808,1
CC(=O)NC(Cc1cc(F)cc(F)c1)C(O)C[NH2+]C1(c2cccc(C(C)(C)C)c2)CCc2nc(C)ncc2C1,BACE_809,1
CC(=O)NC(Cc1cc(F)cc(F)c1)C(O)C[NH2+]C1(c2cc(NS(C)(=O)=O)cc(C(C)(C)C)c2)CCCCC1,BACE_810,1
CCCCC1CCN(C(C)C(=O)NC(Cc2cc(F)cc(F)c2)C(O)C2CC(O)C[NH2+]2)C1=O,BACE_812,1
COc1cccnc1-c1ccc2nc(N)c(CC(C)C(=O)NCCC(C)(C)C)cc2c1,BACE_814,1
COc1ccc(C2(c3cccc(-c4cncnc4)c3)N=C(C)C(N)=N2)cc1C,BACE_815,1
CN1C(=O)C2(CC(C)(C)Oc3ccc(-c4cccc(F)c4)cc32)N=C1N,BACE_816,1
COc1ccc([C@]2(c3cccc(-c4cncnc4)c3)[NH+]=C(N)N3CCCN=C32)cc1,BACE_817,1
CONC1CCC([NH2+]CC(O)C(Cc2cc(F)cc(F)c2)NC(C)=O)(c2cccc(C(C)(C)C)c2)CC1,BACE_818,1
CN1C(=O)C(c2cccc(NC(=O)c3ccco3)c2)(C2CCCCC2)N=C1N,BACE_819,1
Cc1cc([C@]2(c3cccc(-c4cccnc4)c3)N=C(N)N(C)C2=O)ccn1,BACE_820,1
C=C(C)c1cccc(C2([NH2+]CC(O)C(Cc3cc(F)cc(F)c3)NC(C)=O)CCCCC2)c1,BACE_821,1
CN1C(=O)[C@@](c2ccc(OC(F)F)cc2)(c2ccc(F)c(OCCCCF)c2)N=C1N,BACE_822,1
CN1C(=O)C(c2cccc(-c3cncnc3)c2)(c2cnn(C)c2)N=C1N,BACE_823,1
COc1ccc(C2(c3cccc(-c4cncnc4)c3)N=C(N)N3CC(F)(F)CN=C32)cc1,BACE_824,1
COCCOc1cc(CC2CS(=O)(=O)CC([NH2+]Cc3cccc(C(C)(C)C)c3)C2O)cc(F)c1N,BACE_825,1
CC(=O)NC(Cc1cc(F)cc(F)c1)C(O)C[NH2+]C1(c2cc(C(C)(C)C)cs2)CCCCC1,BACE_826,0
CC(=O)Nc1c(Cl)cc(CNC(=[NH2+])NC(=O)Cn2ccc3cc(Br)ccc32)cc1Cl,BACE_827,0
COc1ccc2c(c1)C1(COC(N)=N1)c1cc(-c3cncnc3)ccc1O2,BACE_828,0
CC1(c2cc(NC(=O)c3ccc(OCC(F)(F)F)cn3)ccc2F)N=C(N)OCC1(F)F,BACE_830,0
CCNc1cc(C(=O)NC(Cc2ccccc2)C(O)C[NH2+]Cc2cccc(C(F)(F)F)c2)cc(N2CCCC2=O)c1OC,BACE_831,0
CCCCCOc1ccc(-c2ccc(-c3ccccc3Cl)n2Cc2ccc(OCCO)c(N)n2)cc1,BACE_832,0
CC[C@@H](C)Cc1cccc([C@@]2(c3ccc(OC(F)F)cc3)N=C(N)N(C)C2=O)c1,BACE_835,0
C=CCO/N=C(/C)c1cc(C(=O)N[C@@H](Cc2cc(F)cc(F)c2)[C@@H](O)C[NH2+]Cc2cccc(OC)c2)cc(N2CCCCS2(=O)=O)c1,BACE_837,0
CN1C(=O)C2(CC(C)(C)Oc3ccc(-c4cccnc4)cc32)N=C1N,BACE_838,0
CCCCNC(=O)C(C)CC(O)C(CC(C)C)NC(=O)C(C)NC(=O)C(CC(C)C)NC(C)=O,BACE_843,0
CN1C(=O)[C@@](c2ccc(OC(F)F)cc2)(c2ccc(F)c(OCCF)c2)N=C1N,BACE_845,0
CCCCN(C)C(=O)n1cc(C(=O)NC(Cc2cc(F)cc(F)c2)C(O)C[NH2+]Cc2cccc(OC)c2)c2ccc(C#N)cc21,BACE_846,0
CN1C(=O)C(c2ccc(F)c(-c3cncnc3)c2)(c2cnn(CC(F)(F)F)c2)N=C1N,BACE_847,0
CC(C)(C)c1cccc(C[NH2+]C2CS(=O)(=O)CC(Cc3ccc4[nH]cc(CC(F)(F)F)c4c3)C2O)c1,BACE_848,0
CC(C)(C)c1cccc(C[NH2+]C2CS(=O)(=O)CC(Cc3cc(O)c(N)c(F)c3)C2O)c1,BACE_849,0
CCCN(CCC)C(=O)c1cc(C(=O)NC(Cc2cc(F)cc(F)c2)C(O)C[NH2+]Cc2cccc(OC)c2)cc(C(C)[NH3+])c1,BACE_851,0
COc1cccc(C[NH2+]C[C@H](O)[C@H](Cc2cc(F)cc(F)c2)NC(=O)c2cc(C(C)=O)cc(N(C)S(C)(=O)=O)c2)c1,BACE_852,0
NC1=NC(c2ccncc2)(c2cccc(-c3cncnc3)c2)c2cccc(F)c21,BACE_853,0
COc1ccccc1N(c1cccc(C(=O)NC(Cc2ccccc2)C(O)C[NH2+]C(C)C(=O)NC2CCCCC2)c1)S(C)(=O)=O,BACE_854,0
CN1C(=O)C2(CC(C)(C)Oc3ccc(-c4cccnc4F)cc32)N=C1N,BACE_856,0
COc1ccc(C2(c3ccc(C)c(-c4cccnc4)c3)N=C(N)N(C)C2=O)cc1C,BACE_858,0
CN1C(=O)C(c2ccncc2)(c2cccc(-c3ccccc3)c2)N=C1N,BACE_859,0
CCC(C)(C)c1cccc(C2([NH2+]CC(O)C(Cc3cc(F)cc(F)c3)NC(C)=O)CCCCC2)c1,BACE_860,0
CC(C)(C)c1cccc(C[NH2+]C2CS(=O)(=O)CC(Cc3ccc(N)c(OC(F)(F)F)c3)C2O)c1,BACE_861,0
CCCc1cc(CC2CS(=O)(=O)CC([NH2+]Cc3cccc(C(C)(C)C)c3)C2O)cc(F)c1N,BACE_862,0
CC(C)(C)c1cccc(C[NH2+]C2CS(=O)(=O)CC(Cc3cc(F)c(N)c(CCC(F)(F)F)c3)C2O)c1,BACE_863,0
COc1ccc2c(c1)C1(COC(N)=N1)c1cc(-c3cccc(Cl)c3)ccc1O2,BACE_864,0
CC(=O)NC(Cc1cc(F)cc(F)c1)C(O)C[NH2+]C1(c2cc(CC(C)(C)C)cs2)CCCCC1,BACE_865,0
NC1=NC(c2cccc(-c3cncnc3)c2)(c2ccnc(C(F)(F)F)c2)c2ccccc21,BACE_866,0
COc1ccc(C2(c3cccc(-c4cncnc4)c3)N=C(N)c3c(F)cccc32)cc1,BACE_867,0
NC1=NC(c2ccncc2)(c2cccc(-c3cncc(F)c3)c2)c2cccc(F)c21,BACE_868,0
CC1(c2cc(NC(=O)c3ccc(Cl)cn3)ccc2F)CCOC(N)=N1,BACE_869,0
CC(=O)NC(Cc1cc(F)cc(F)c1)C(O)C[NH2+]C1(c2cc(CC(C)(C)C)no2)CCCCC1,BACE_870,0
COC1CCC([NH2+]CC(O)C(Cc2cc(F)cc(F)c2)NC(C)=O)(c2cccc(C(C)(C)C)c2)CC1,BACE_871,0
COc1ccc(COCC(CC(O)C(COc2cc(F)cc(F)c2)NC(=O)c2cc(C(=O)NC(C)c3ccccc3)cc(N(C)S(C)(=O)=O)c2)OC)cc1,BACE_872,0
Cc1cc([C@]2(c3cccc(-c4cncnc4)c3)N=C(N)N(C)C2=O)cc(C)n1,BACE_873,0
CC(=O)NC(Cc1cc(F)cc(F)c1)C(O)C[NH2+]C1(c2cccc(C(C)(C)C)c2)CC1,BACE_874,0
Cc1cc(C2(c3cccc(-c4cncnc4)c3)N=C(N)N(C)C2=O)cs1,BACE_875,0
CCC(C)C1(NC(C)=O)CCN(C(CCc2ccccc2)C(=O)NC(Cc2cc(F)cc(F)c2)[C@H](O)[C@@H]2Cc3cccc(OC)c3C[NH2+]2)C1=O,BACE_876,0
CC(C)(C)c1cccc(C[NH2+]C2CS(=O)(=O)CC(Cc3ccc(N)c(Br)c3)C2O)c1,BACE_877,0
CC(C)C(=O)NC(Cc1ccc2c(c1)OCO2)C(O)C[NH2+]C1CC2(CCC2)Oc2ncc(CC(C)(C)C)cc21,BACE_878,0
CN1C(=O)C2(CC(C)(C)Oc3ccc(-c4cncc(F)c4)cc32)N=C1N,BACE_879,0
COc1ccc(C2(c3cccc(-c4cccnc4)c3)N=C(N)N(C)C2=O)cc1C#N,BACE_881,0
CCc1cc([C@]2(c3cccc(-c4cncnc4)c3)N=C(N)N(C)C2=O)cc(C)n1,BACE_882,0
CCC(=O)N(C)C(C)(C)C1CCCC(C(=O)NC(Cc2ccccc2)C(O)C[NH2+]Cc2cccc(C(C)C)c2)C1,BACE_883,0
CCCCc1cc(CC2CS(=O)(=O)CC([NH2+]Cc3cccc(C(C)C)c3)C2O)ccc1O,BACE_884,0
C=CCO/N=C(/C)c1cc(C(=O)N[C@@H](Cc2cc(F)cc(F)c2)[C@@H](O)C[NH2+]Cc2cccc(OC)c2)cc(N(C)S(C)(=O)=O)c1,BACE_886,0
Cn1cc(Cl)c(C(=O)Nc2ccc(F)c(C3(C)N=C(N)OCC3(F)F)c2)n1,BACE_888,0
NC1=[NH+]C(c2cccc(-c3cccnc3F)c2)(c2ccc3c(c2)OCO3)C2=NCCCN21,BACE_889,0
CC(=O)NC(Cc1cc(F)cc(F)c1)C(O)C[NH2+]C1(c2cc(C(C)=O)cc(C(C)(C)C)c2)CCCCC1,BACE_890,0
CCCCN(C)C(=O)n1cc(C(=O)NC(Cc2cc(F)cc(F)c2)C(O)C[NH2+]Cc2cccc(OC)c2)c2cc(C(F)(F)F)ccc21,BACE_891,0
CCCOC1C[NH2+]C(C(O)C(Cc2cc(F)cc(F)c2)NC(=O)C(C)N2CCC(C(C)C)C2=O)C1,BACE_892,0
CC(=O)NC(Cc1cc(F)cc(F)c1)C(O)C[NH2+]C1(c2cccc(C(C)(C)C#N)c2)CCCCC1,BACE_893,0
CCCCCOc1ccc(-c2ccc(-c3ccccc3Cl)n2Cc2ccc(NCCO)c(N)n2)cc1,BACE_894,0
CC(=O)NC(Cc1cc(F)cc(F)c1)C(O)C[NH2+]C1(c2cc(O)cc(C(C)(C)C)c2)CCCCC1,BACE_895,0
CN1C(=O)[C@](c2ccccc2)(c2ccc(OC(F)F)cc2)N=C1N,BACE_896,0
COc1cccc(C[NH2+]CC(O)C(Cc2cc(F)cc(F)c2)NC(=O)C(C)N2CCC(C(C)C)C2=O)c1,BACE_897,0
COc1cccc(C[NH2+]C[C@H](O)[C@H](Cc2cc(F)cc(F)c2)NC(=O)c2cc(/C(C)=N\OCC(C)C)cc(N(C)S(C)(=O)=O)c2)c1,BACE_900,0
CC(=O)NC(Cc1cc(F)cc(F)c1)C(O)C[NH2+]C1(c2cc(Br)cc(C(C)(C)C)c2)CCCCC1,BACE_901,0
COCc1cc2cc(c1)C(=O)NC(C(O)C[NH2+]C(CF)c1cccc(C(C)(C)C)c1)Cc1cccc(c1)OCCCCN2,BACE_902,0
CC(=O)NC(Cc1cc(F)cc(F)c1)C(O)C[NH2+]C1(c2cc(C)cc(C(C)(C)C)c2)CCCCC1,BACE_905,0
CCc1cc(C2(c3cccc(-c4cncnc4)c3)N=C(N)N(C)C2=O)c(C)s1,BACE_906,0
CC1(C)CN2C(=N1)[C@@](c1ccc(OC(F)(F)F)cc1)(c1cccc(-c3cccnc3F)c1)[NH+]=C2N,BACE_910,0
CC([NH2+]CC(O)C(Cc1ccccc1)NC(=O)c1cccc(N(c2ccc(C#N)cc2)S(C)(=O)=O)c1)C(=O)NC1CCCCC1,BACE_911,0
CCCCNC(=O)n1cc(C(=O)NC(Cc2cc(F)cc(F)c2)C(O)C[NH2+]Cc2cccc(OC)c2)c2ccccc21,BACE_912,0
CCCc1cc(CC2CS(=O)(=O)CC([NH2+]Cc3cccc(C(C)C)c3)C2O)ccc1O,BACE_913,0
CC(=O)N[C@@H](Cc1cc(F)cc(F)c1)[C@H](O)C[NH2+]C(C)(C)c1cccc(C(C)(C)C)c1,BACE_914,0
CN1C(=O)[C@@](c2ccc(OC(F)F)cc2)(c2cccc(OCCC(F)(F)F)c2)N=C1N,BACE_915,0
CN1C(=O)[C@@](c2ccc(OC(F)F)cc2)(c2cccc(OC(F)F)c2)N=C1N,BACE_916,0
CCc1c[nH]c2ccc(CC3CS(=O)(=O)CC([NH2+]Cc4cccc(C(C)(C)C)c4)C3O)cc12,BACE_917,0
CC(=O)NC(Cc1cc(F)cc(F)c1)C(O)C[NH2+]C1(c2cccc(C(C)(C)C)c2)CCC(S(C)(=O)=O)CC1,BACE_919,0
CC(=O)NC(Cc1cc(F)cc(F)c1)C(O)C[NH2+]C1(c2cccc(C(C)(C)C)c2)CCC(NC=O)CC1,BACE_920,0
COCC(=O)Nc1cccc([C@@]2(C3CCCCC3)N=C(N)N(C)C2=O)c1,BACE_921,0
CC(=O)NC(Cc1cc(F)cc(F)c1)C(O)C[NH2+]C1(c2ccn(CC(C)(C)C)n2)CCCCC1,BACE_923,0
COCC(Oc1cc(CC2C[S+]([O-])CC([NH2+]Cc3cccc(OC(F)(F)F)c3)C2O)cc(F)c1N)C(F)(F)F,BACE_925,0
CCCCCOc1ccc(-c2ccc(-c3ccccc3Cl)n2Cc2ccc(NCCCO)c(N)n2)cc1,BACE_927,0
CCCc1n[nH]c2ccc(CC3CS(=O)(=O)CC([NH2+]Cc4cccc(C(C)(C)C)c4)C3O)cc12,BACE_928,0
CC(=O)NC(Cc1cc(F)cc(F)c1)C(O)C[NH2+]C1(c2cc(I)cc(C(C)(C)C)c2)CCCCC1,BACE_929,0
COc1ccc2ccn(CC(=O)NC(=[NH2+])NCc3cc(Cl)c(NC(C)=O)c(Cl)c3)c2c1,BACE_930,0
CC(=O)N[C@@H](Cc1cc(F)cc(F)c1)[C@H](O)C[NH2+]C1(c2cccc(C(C)(C)C(F)F)c2)CC1,BACE_932,0
COC(=O)NC1CCC([NH2+]CC(O)C(Cc2cc(F)cc(F)c2)NC(C)=O)(c2cccc(C(C)(C)C)c2)CC1,BACE_934,0
CC(=O)NC(Cc1cc(F)cc(F)c1)C(O)C[NH2+]C1(c2cccc(C(C)(C)C)c2)CCC(N(O)C(C)=O)CC1,BACE_935,0
COC(COCc1ccccc1)CC(O)C(COc1cc(F)cc(F)c1)NC(=O)c1cc(C(=O)NC(C)c2ccccc2)cc(N(C)S(C)(=O)=O)c1,BACE_936,0
CCCN(CCC)C(=O)n1cc(C(=O)NC(Cc2ccccc2)C(O)C[NH2+]Cc2cccc(OC)c2)c2ccccc21,BACE_938,0
NC1=NC(c2cccc(-c3cncnc3)c2)(c2ccnc(C(F)(F)F)c2)c2cccc(F)c21,BACE_940,0
COc1cccc(C[NH2+]C[C@H](O)[C@H](Cc2cc(F)cc(F)c2)NC(=O)c2cc(/C(C)=N/OCC(C)C)cc(N(c3ccccc3)S(C)(=O)=O)c2)c1,BACE_941,0
CN1C(=O)C(c2ccncc2)(c2cccc(-c3cccc(C(F)(F)F)c3)c2)N=C1N,BACE_945,0
N#Cc1cncc(-c2cccc(C3(c4ccnc(C(F)(F)F)c4)N=C(N)c4c(F)cccc43)c2)c1,BACE_947,0
CC(=O)NC(Cc1cc(F)cc(F)c1)C(O)C[NH2+]C1(c2cccc(C(C)(C)CO)c2)CCCCC1,BACE_948,0
C#Cc1cccc([C@@]2(c3ccc(OC(F)F)cc3)N=C(N)N(C)C2=O)c1,BACE_949,0
CCN1C(=O)C2(CC(C)(C)Oc3ccc(-c4cccc(Cl)c4)cc32)N=C1N,BACE_950,0
COc1ccc(C2(C34CC5CC(CC(C5)C3)C4)N=C(N)N(C)C2=O)cc1OC,BACE_953,0
CN(c1cc2cc(c1)C(=O)NC(C(O)C[NH2+]Cc1ccccc1)COC/C=C/CCNC2=O)S(C)(=O)=O,BACE_954,0
CC1CC2(CC[NH+]1Cc1ccc(O)cc1)CN(C)S(=O)(=O)N2c1cccc(F)c1,BACE_955,0
COc1ccc(C2(c3cccc(-c4cncnc4)c3)N=C(C)C(N)=N2)cc1,BACE_956,0
CCc1cc(C2(C34CC5CC(CC(C5)C3)C4)N=C(N)N(C)C2=O)ccc1OC,BACE_958,0
CC(=O)N[C@@H](Cc1cc(F)cc(F)c1)[C@H](O)C[NH2+]C1(c2cccc(C(C)(C)CF)c2)CC1,BACE_962,0
CC(C)c1cccc(C[NH2+]CC(O)C2Cc3cccc(c3)OCCCCNc3cccc(c3)C(=O)N2)c1,BACE_963,0
CC1(c2cc(NC(=O)c3ccccn3)ccc2F)N=C(N)OCC1(F)F,BACE_964,0
CN1CC(C)(c2cccc(NC(=O)c3ccc(Cl)cn3)c2)N=C(N)C1=O,BACE_965,0
Cc1cc(C2(c3cccc(-c4cncnc4)c3)N=C(N)N(C)C2=O)cc(C(C)C)n1,BACE_966,0
CC(C)c1cccc(C[NH2+]C2CS(=O)(=O)CC(Cc3ccc(O)c(Br)c3)C2O)c1,BACE_968,0
CC(NC(=O)c1cc(COC(=O)C([NH3+])(CO)Cc2ccccc2)cc(N(C)S(C)(=O)=O)c1)c1ccc(F)cc1,BACE_969,0
CC([NH2+]CC(O)C(Cc1ccccc1)NC(=O)c1cccc(N(c2ccccc2C#N)S(C)(=O)=O)c1)C(=O)NC1CCCCC1,BACE_970,0
CC1=NC(c2cccc(-c3cncc(Cl)c3)c2)(C2CC2)N=C1N,BACE_971,0
CC1(C)Cc2cc(Cl)ccc2C(NC(Cc2cscc2Br)C(=O)[O-])=N1,BACE_972,0
CC(=O)NC(Cc1cc(F)cc(F)c1)C(O)C[NH2+]C1(c2cc(N)cc(C(C)(C)C)c2)CCCCC1,BACE_973,0
CN1C(=O)C(c2ccc(OC(F)(F)F)cc2)(c2cc(F)cc(-c3cncnc3)c2)N=C1N,BACE_974,0
CC(=O)NC(Cc1cc(F)cc(F)c1)C(O)C[NH2+]C1(c2cccc(C(C)(C)C)c2)CCCN(C(N)=O)C1,BACE_977,0
CCOc1ccc(C2(C34CC5CC(CC(C5)C3)C4)N=C(N)N(C)C2=O)cc1,BACE_978,0
COc1ccc(C2(c3cccc(-c4cccnc4)c3)N=C(C)C(N)=N2)cc1,BACE_980,0
CC(=O)NC(Cc1cc(F)cc(F)c1)C(O)C[NH2+]C1(c2cccc(CC(C)(C)C)c2)CC1,BACE_982,0
CC(NC(=O)c1cc(COCC(C)([NH3+])Cc2ccccc2)cc(N(C)S(C)(=O)=O)c1)c1ccc(F)cc1,BACE_983,0
CSc1cccc(-c2ccc3c(c2)C2(CC(C)(C)O3)N=C(N)N(C)C2=O)c1,BACE_984,0
CC1(c2cccc(NC(=O)c3ccc(Cl)cn3)c2)N=C(N)CNC1=O,BACE_986,0
CC(=O)NC1CCC([NH2+]CC(O)C(Cc2cc(F)cc(F)c2)NC(C)=O)(c2cccc(C(C)(C)C)c2)CC1,BACE_987,0
CC(C)(C)c1cccc(C[NH2+]C2CS(=O)(=O)CC(Cc3ccc(N)c(F)c3)C2O)c1,BACE_989,0
CC(=O)NC(Cc1cc(F)cc(F)c1)C(O)C[NH2+]C1(c2cc(C(C)C)cs2)CCCCC1,BACE_990,0
NC1=[NH+][C@@](c2ccc(OC(F)(F)F)cc2)(c2cccc(-c3cccnc3F)c2)C2=NCCCN21,BACE_992,0
CCCCNC(=O)C(C)CC(O)C(CC(C)C)NC(=O)C(CCSC)NC(=O)C(NC(C)=O)C(C)C,BACE_993,0
CCc1cc(CC2CS(=O)(=O)CC([NH2+]Cc3cccc(C(C)C)c3)C2O)ccc1O,BACE_995,0
Cc1sccc1C1(c2cccc(-c3cncnc3)c2)N=C(N)N(C)C1=O,BACE_996,0
CC(=O)NC(Cc1cc(F)cc(F)c1)C(O)C[NH2+]C1(c2cccc(C(C)(C)C)c2)CCC(C#N)CC1,BACE_998,0
C/C=C(\C)c1cccc(C2([NH2+]CC(O)C(Cc3cc(F)cc(F)c3)NC(C)=O)CCCCC2)c1,BACE_1000,0
CC(=O)N[C@@H](Cc1cc(F)cc(F)c1)[C@H](O)C[NH2+]C1(c2cccc(C(C)(CF)CF)c2)CC1,BACE_1002,0
CC(Cc1cc2cc(-c3ncccc3C#N)ccc2nc1N)C(=O)NCCC(C)(C)C,BACE_1003,0
CC(=O)NC(Cc1cc(F)cc(F)c1)C(O)C[NH2+]C1(c2cccc(C(C)(C)C)c2)CCCN(O)C1,BACE_1005,0
CC(=O)NC(Cc1cc(F)cc(F)c1)C(O)C[NH2+]C1(c2cccc(C(C)(C)C)c2)CCC(NS(C)(=O)=O)CC1,BACE_1006,0
COc1cc(C2(c3cccc(-c4cncnc4)c3)N=C(N)c3c(F)cccc32)ccn1,BACE_1007,0
CC(=O)NC(Cc1cc(F)cc(F)c1)C(O)C[NH2+]C1(c2cccc(N(C)C)c2)CCCCC1,BACE_1010,0
COc1cccc(C[NH2+]C[C@H](O)[C@H](Cc2cc(F)cc(F)c2)NC(=O)c2cc(/C(C)=N\OCC(C)C)cc(N3CCCCS3(=O)=O)c2)c1,BACE_1012,0
CC(C)COc1ccc2c(c1)C1(CC(C)(C)O2)N=C(N)N(C)C1=O,BACE_1013,0
Cn1ccc(C(=O)Nc2ccc(F)c(C3(C)N=C(N)OCC3(F)F)c2)n1,BACE_1015,0
CC1(C)Cc2cc(Cl)ccc2C(NC(Cc2cscc2-c2cn[nH]c2)C(=O)[O-])=N1,BACE_1017,0
COc1ccc2c(ccn2CC(=O)NC(=[NH2+])NCc2cc(Cl)c(NC(C)=O)c(Cl)c2)c1,BACE_1018,0
CN1C(=O)C2(CC(C)(C)Oc3ccc(-c4ccccc4)cc32)N=C1N,BACE_1019,0
CC(=O)NC(Cc1cc(F)cc(F)c1)C(O)C[NH2+]C1(c2cccc(I)c2)CCCCC1,BACE_1021,0
CN1C(=O)C(c2ccc(OC(F)(F)F)cc2)(C23CC4CC(CC(C4)C2)C3)N=C1N,BACE_1022,0
Cc1cc(C2(c3cccc(-c4cncnc4)c3)N=C(N)N(C)C2=O)c(Cl)s1,BACE_1023,0
CC1(C)Cc2cc(Cl)ccc2C(NC(Cc2ccccc2)c2ncc(C#N)c(=O)[nH]2)=N1,BACE_1024,0
COC(COC(C)C)CC(O)C(COc1cc(F)cc(F)c1)NC(=O)c1cc(C(=O)NC(C)c2ccccc2)cc(N(C)S(C)(=O)=O)c1,BACE_1025,0
COCC1CCN(C(C)C(=O)NC(Cc2cc(F)cc(F)c2)C(O)C[NH2+]Cc2cccc(OC)c2)C1=O,BACE_1026,0
CC1=NC(c2ccc(F)cc2)(c2cccc(-c3cccnc3)c2)N=C1N,BACE_1029,0
Cc1cc2cc(c1)C(=O)NC(C(O)C[NH2+]Cc1cccc(C(C)C)c1)COC/C=C/CCNC2=O,BACE_1031,0
NC1=NC(c2ccncc2)(c2cccc(-c3cncnc3)c2)c2ccccc21,BACE_1032,0
CC#Cc1cscc1CC(NC1=NC(C)(C)Cc2cc(Cl)ccc21)C(=O)[O-],BACE_1035,0
COc1ncccc1-c1cccc(C2(c3ccc(OC(F)(F)F)cc3)N=C(N)N(C)C2=O)c1,BACE_1036,0
CC(C)(C)c1cccc(C[NH2+]C2C[S+]([O-])CC(Cc3cc(O)c(N)c(F)c3)C2O)c1,BACE_1037,0
CN1C(=O)[C@@](c2ccc(OC(F)F)cc2)(c2cccc(/C(F)=C/C3CC3)c2)N=C1N,BACE_1038,0
CCCCCOc1ccc(-c2ccc(-c3ccccc3Cl)n2Cc2cccc(N)n2)cc1,BACE_1040,0
COc1ccc(C2(c3ccc(F)c(-c4cccnc4F)c3)N=C(N)N(C)C2=O)cc1C,BACE_1042,0
CC1(C)Cc2cc(Cl)ccc2C(NC(Cc2ccccc2)c2ncc(Cl)c(=O)[nH]2)=N1,BACE_1045,0
CC1(C)Cc2cc(Cl)ccc2C(NC(Cc2cscc2CCC2CC2)C(=O)[O-])=N1,BACE_1046,0
CCC(=O)NC(C)(C)C1CCCC(C(=O)NC(Cc2ccccc2)C(O)C[NH2+]Cc2cccc(C(C)C)c2)C1,BACE_1047,0
CC(=O)NC(Cc1cc(F)cc(F)c1)C(O)C[NH2+]C1(c2cccc(C3CCCO3)c2)CC1,BACE_1048,0
CC(=O)NC(Cc1cc(F)cc(F)c1)C(O)C[NH2+]C1(c2cccc(C3(C)CCCO3)c2)CC1,BACE_1049,0
C=CCNC(=O)c1ccc(-c2ccc(-c3ccccc3)n2Cc2cccc(N)n2)cc1,BACE_1050,0
Nc1cccc(Cn2c(-c3ccc(Oc4ccncc4)cc3)ccc2-c2ccccc2Cl)n1,BACE_1051,0
CC1(C)Cc2cc(Cl)ccc2C(NC(Cc2ccccc2)c2ncc(I)c(=O)[nH]2)=N1,BACE_1052,0
CCC(C)C1(NC(C)=O)CCN(C(CCc2ccccc2)C(=O)NC(Cc2cc(F)cc(F)c2)[C@H](O)[C@@H]2Cc3ccccc3C[NH2+]2)C1=O,BACE_1053,0
O=C(C1C[NH2+]CC1c1ccccc1Br)N1CCC(c2ccccc2)CC1c1ccccc1,BACE_1054,0
CC1(C)CC2(N=C(N)N(CC(F)(F)F)C2=O)c2cc(-c3cccc(Cl)c3)ccc2O1,BACE_1055,0
CC(=O)N[C@@H](Cc1cc(F)cc(F)c1)[C@H](O)C[NH2+]C1(c2cccc(C(C)(C)C)c2)CCC1,BACE_1056,0
CC(C)(C)c1cccc(C[NH2+]C2CS(=O)(=O)CC(Cc3cccc(Br)c3)C2O)c1,BACE_1057,0
CCCc1cscc1CC(NC1=NC(C)(C)Cc2cc(Cl)ccc21)C(=O)[O-],BACE_1058,0
COc1ccc(C2(c3ccc(C#N)c(-c4cccnc4)c3)N=C(N)N(C)C2=O)cc1C,BACE_1059,0
CN1C(=O)C(c2ccncc2)(c2cccc(-c3ccoc3)c2)N=C1N,BACE_1060,0
CCc1cscc1CC(NC1=NC(C)(C)Cc2cc(Cl)ccc21)C(=O)[O-],BACE_1061,0
COc1cccc(-c2cccc(C3(C)N=C(N)CCS3)c2)c1,BACE_1062,0
COc1ccc(C2(c3cccc(-c4cncnc4)c3)N=C(N)c3nc(C)sc32)cc1,BACE_1063,0
CC(=O)NC(Cc1cc(F)cc(F)c1)C(O)C[NH2+]C1(c2cc(C(C)(C)C)ccn2)CC1,BACE_1064,0
COCc1cc2cc(c1)C(=O)NC(C(O)C[NH2+]C(COC)c1cccc(C(C)(C)C)c1)Cc1cccc(c1)OCCCCN2,BACE_1065,0
CCCOc1cccc(CC2CS(=O)(=O)CC([NH2+]Cc3cccc(C(C)(C)C)c3)C2O)c1,BACE_1066,0
CCc1cccc(C2([NH2+]CC(O)C(Cc3cc(F)cc(F)c3)NC(C)=O)CCCCC2)c1,BACE_1067,0
CC(=O)NC(Cc1cc(F)cc(F)c1)C(O)C[NH2+]C1(c2cccc(N3CCCOCC3)c2)CCCCC1,BACE_1068,0
CN1C(=O)C2(CC(C)(C)C(=O)c3ccc(-c4cncnc4)cc32)N=C1N,BACE_1069,0
CC1(C)Cc2cc(Cl)ccc2C(NC(Cc2sccc2Br)C(=O)[O-])=N1,BACE_1070,0
CC(=O)NC(Cc1cc(F)cc(F)c1)C(O)C[NH2+]C1(c2cccc(S(C)(=O)=O)c2)CCCCC1,BACE_1071,0
CC(=O)NC(Cc1cc(F)cc(F)c1)C(O)C[NH2+]C1(c2cc(CC(C)(C)C)c[n+]([O-])c2)CC1,BACE_1072,0
NC1=[NH+][C@@](c2cccc(-c3cccnc3F)c2)(c2ccc3c(c2)OC(F)(F)O3)C2=NCCCN21,BACE_1073,0
COc1ccc(F)c(-c2ccc3c(c2)C2(COC(N)=N2)c2cc(OC)ccc2O3)c1,BACE_1074,0
CC(=O)NC(Cc1cc(F)cc(F)c1)C(O)C[NH2+]C1(c2cccc(N3CCCOCC3=O)c2)CCCCC1,BACE_1075,0
CC1(C)Cc2cc(Cl)ccc2C(NC(Cc2ccccc2)c2noc(=O)[nH]2)=N1,BACE_1076,0
CC(=O)N[C@@H](Cc1cc(F)cc(F)c1)[C@H](O)C[NH2+]C1(c2cccc([C@H]3CCOC3)c2)CC1,BACE_1077,0
CC(C)c1cccc(C[NH2+]C2CS(=O)(=O)CC(Cc3cccc(Br)c3)C2O)c1,BACE_1078,0
C#Cc1cscc1CC(NC1=NC(C)(C)Cc2cc(Cl)ccc21)C(=O)[O-],BACE_1079,0
NC1=NC2(c3cccc(NC(=O)c4ccc(Cl)cn4)c3)CC2CS1,BACE_1080,0
CC(=O)NC(Cc1cc(F)cc(F)c1)C(O)C[NH2+]C1(c2cncc(CC(C)(C)C)c2)CC1,BACE_1081,0
CC1(C)Cc2ccc(-c3cncc(Cl)c3)cc2C2(COC(N)=N2)C1,BACE_1082,0
NC1=[NH+][C@@](c2ccc(OC(F)(F)F)cc2)(c2cccc(-c3cncnc3)c2)C2=NCCCN21,BACE_1083,0
COc1ccc(C2(c3cccc(-c4cccnc4)c3)N=C(N)CS2)cc1,BACE_1084,0
CCCCNC(=O)C(C)CC(O)C(Cc1ccccc1)NC(=O)C1CCCC(C(NC(C)=O)C(C)C)C1,BACE_1085,0
CC(=O)NC(Cc1cc(F)cc(F)c1)C(O)C[NH2+]C1(c2cccc(C3CCCC3=O)c2)CCCCC1,BACE_1086,0
COc1ccc2c(c1)C1(COC(N)=N1)c1cc(-c3cccnc3F)ccc1O2,BACE_1087,0
COc1cccc(-c2cccc(C3(C4CCN(C(C)=O)CC4)N=C(C)C(N)=N3)c2)c1,BACE_1088,0
Nc1cccc(Cn2c(-c3ccc(Oc4ccccn4)cc3)ccc2-c2ccccc2Cl)n1,BACE_1089,0
CC(=O)NC(Cc1cc(F)cc(F)c1)C(O)C[NH2+]C1(c2cccc(CC(C)C)c2)CCCCC1,BACE_1090,0
CN1CC(N)=NC(C)(c2cccc(NC(=O)c3ccc(C#N)cn3)c2)C1=O,BACE_1091,0
CC(=O)NC(Cc1cc(F)cc(F)c1)C(O)C[NH2+]C1(c2cccc(N3CCCC3=O)c2)CCCCC1,BACE_1092,0
CC1(C)Cc2cc(Cl)ccc2C(NC(Cc2cscc2-c2ncco2)C(=O)[O-])=N1,BACE_1093,0
CC(NC(=O)c1cc(-c2n[nH]c(C(C)([NH3+])Cc3ccccc3)n2)cc(N(C)S(C)(=O)=O)c1)c1ccc(F)cc1,BACE_1094,0
CC(=O)Nc1c(Cl)cc(CNC(=[NH2+])NC(=O)Cn2ccc3ccc(CN(C)S(C)(=O)=O)cc32)cc1Cl,BACE_1095,0
Nc1cccc(Cn2c(-c3ccc(Oc4ccccc4)cc3)ccc2-c2ccccc2Cl)n1,BACE_1096,0
CC(=O)NC(Cc1cc(F)cc(F)c1)C(O)C[NH2+]C1(c2cccc(C(C)(C)C)c2)CCCN(C(=O)OCc2ccccc2)C1,BACE_1097,0
CN1C(=O)C(c2cccc(NC(=O)c3cccn3C)c2)(C2CCCCC2)N=C1N,BACE_1098,0
CCCCN(C)C(=O)n1cc(C(=O)NC(Cc2cc(F)cc(F)c2)C(O)C[NH2+]Cc2cccc(OC)c2)c2cc(C(=O)OCc3ccccc3)ccc21,BACE_1099,0
CCCCOc1ccc(C2(C34CC5CC(CC(C5)C3)C4)N=C(N)N(C)C2=O)cc1,BACE_1100,0
CC(=O)NC(Cc1cc(F)cc(F)c1)C(O)C[NH2+]C1(c2ccn(CC(C)(C)C)n2)CC1,BACE_1101,0
CCC(C)C1(NC(C)=O)CCN(C(CCc2ccccc2)C(=O)NC(Cc2cc(F)cc(F)c2)C(O)C2Cc3cccc(O)c3C[NH2+]2)C1=O,BACE_1102,0
CCc1cc(CC2CS(=O)(=O)CC([NH2+]Cc3cccc(C(C)(C)C)c3)C2O)cc(F)c1N,BACE_1103,0
COc1ccc(-c2cccc(C3(c4ccc(OC(F)(F)F)cc4)N=C(N)N(C)C3=O)c2)cn1,BACE_1104,0
CCc1cccc([C@@]2(c3ccc(OC(F)F)cc3)N=C(N)N(C)C2=O)c1,BACE_1105,0
COc1ccc2c(c1)C1(COC(N)=N1)c1cc(-c3cccc(OC)c3F)ccc1O2,BACE_1106,0
COc1ccc2c(c1)C1(COC(N)=N1)c1cc(-c3ccc(F)nc3)ccc1O2,BACE_1107,0
O=C(NC(Cc1ccccc1)C(O)C[NH2+]Cc1cccc(C(F)(F)F)c1)c1cccc(N2c3ccccc3OS2(=O)=O)c1,BACE_1108,0
CC(NC(=O)c1cc(COCC([NH3+])(Cc2ccccc2)C(F)F)cc(N(C)S(C)(=O)=O)c1)c1ccc(F)cc1,BACE_1109,0
Cc1ccc(C(=O)NC(Cc2ccccc2)C(O)C[NH2+]Cc2cccc(C(F)(F)F)c2)cc1N(c1ccccc1)S(C)(=O)=O,BACE_1110,0
CC(=O)NC(Cc1cc(F)cc(F)c1)C(O)C[NH2+]C1(c2cccc(C3CCCC3)c2)CCCCC1,BACE_1111,0
NC1=NC(c2ccccc2)(C2CCCCC2)C(=O)N1CCCCCC(=O)[O-],BACE_1112,0
CC(=O)NC(Cc1ccccc1)C(O)C[NH2+]C1CC2(CCC2)Oc2ncc(Cl)cc21,BACE_1113,0
Nc1cccc(Cn2c(-c3ccc(Nc4cncnc4)cc3)ccc2-c2ccccc2Cl)n1,BACE_1114,0
CC(=O)N[C@@H](Cc1cc(F)cc(F)c1)[C@H](O)C[NH2+]C1(c2cccc(-n3cccn3)c2)CC1,BACE_1115,0
CN1C(=O)C(c2ccccc2)(C2CCCCC2)N=C1N,BACE_1116,0
CC(C)c1cccc(C[NH2+]C2CS(=O)(=O)CC(Cc3ccc(O)c(CCO)c3)C2O)c1,BACE_1117,0
CC(NC(=O)c1cc(COCC([NH3+])(CF)Cc2ccccc2)cc(N(C)S(C)(=O)=O)c1)c1ccc(F)cc1,BACE_1118,0
CC(=O)NC(Cc1cc(F)cc(F)c1)C(O)C[NH2+]C1(c2cccc(N3CCCNC3=O)c2)CCCCC1,BACE_1119,0
CCCCC1CCN(C(CCc2ccccc2)C(=O)NC(Cc2cc(F)cc(F)c2)C(O)C2Cc3ccccc3C[NH2+]2)C1=O,BACE_1120,0
CC1(c2cccc(-c3cncnc3)c2)N=C(N)CCS1,BACE_1121,0
CC(=O)Nc1c(Cl)cc(CNC(=[NH2+])NC(=O)Cn2ccc3ccccc32)cc1Cl,BACE_1122,0
CN1C(=O)C(C)(c2cccc(NC(=O)c3ccc(Cl)cn3)c2)N=C1N,BACE_1123,0
NC1=NC(c2ccccc2)(C2CCCCC2)C(=O)N1CC1CCCO1,BACE_1124,0
CN1C(=O)C(C2CCCCC2)(C2CCCCC2)N=C1N,BACE_1125,0
NC1=NC(c2ccccc2)(C2CCCCC2)C(=O)N1Cc1cc(F)cc(F)c1,BACE_1126,0
Cn1cc(-c2cscc2CC(NC2=NC(C)(C)Cc3cc(Cl)ccc32)C(=O)[O-])cn1,BACE_1127,0
COc1ccc(C(Cc2cc([N+](=O)[O-])ccc2OC)c2csc(N)n2)cc1,BACE_1128,0
CC(=O)NC(Cc1cc(F)cc(F)c1)C(O)C[NH2+]C1(c2cccc(-c3ccco3)c2)CCCCC1,BACE_1129,0
CCCCOC(=O)n1cc(C(=O)NC(Cc2cc(F)cc(F)c2)C(O)C[NH2+]Cc2cccc(OC)c2)c2ccccc21,BACE_1130,0
CC(C)c1cccc(C[NH2+]C2CS(=O)(=O)CC(Cc3ccccc3)C2O)c1,BACE_1131,0
CCCOCc1cccc(CC2CS(=O)(=O)CC([NH2+]Cc3cccc(C(C)C)c3)C2O)c1,BACE_1132,0
CCCN(CCC)C(=O)c1cccc(C(=O)NC(Cc2cc(F)cc(F)c2)C(O)C2Cc3ccccc3C[NH2+]2)c1,BACE_1133,0
CCc1n[nH]c2ccc(C[NH+]3CCC4(CC3C)CN(C)S(=O)(=O)N4c3cccc(F)c3)cc12,BACE_1134,0
CCCOc1ccc(-c2ccc(-c3ccccc3Cl)n2Cc2cccc(N)n2)cc1,BACE_1135,0
COc1ccc2c(c1)C1(COC(N)=N1)c1cc(-c3cccc(Cl)c3F)ccc1O2,BACE_1136,0
COc1ccc2c(c1)C1(COC(N)=N1)c1cc(-c3ccccc3)ccc1O2,BACE_1137,0
Nc1cccc(Cn2c(-c3ccccc3)ccc2-c2ccc(C(=O)NC3CC3)cc2)n1,BACE_1138,0
CC(C)c1cccc(C[NH2+]C2CS(=O)(=O)CC(Cc3ccc(O)c(CO)c3)C2O)c1,BACE_1139,0
CCCCN(C)C(=O)n1cc(C(=O)NC(Cc2cc(F)cc(F)c2)C(O)C2Cc3ccccc3C[NH2+]2)c2cccnc21,BACE_1140,0
CCOc1cc(C[NH+]2CCC3(CC2C)CN(C)S(=O)(=O)N3c2cccc(F)c2)ccc1O,BACE_1141,0
NC1=NC(c2ccc(OC(F)F)cc2)(c2cccc(-c3cccnc3F)c2)CO1,BACE_1142,0
NC1=NC(c2ccccc2)(C2CCCCC2)C(=O)N1Cc1ccccc1,BACE_1143,0
CN1C(=O)[C@](c2ccccc2)(c2ccc(OCCF)cc2)N=C1N,BACE_1144,0
CNC(=O)c1cc(C(=O)NC(COCc2cc(F)cc(F)c2)C(O)CC(C)C(=O)NC(C(=O)NCc2ccccc2)C(C)C)cc(N(C)S(C)(=O)=O)c1,BACE_1145,0
CC1(C)Cc2cc(Cl)ccc2C(NC(Cc2cscc2-c2cc[nH]n2)C(=O)[O-])=N1,BACE_1146,0
CC1=NC(c2ccccc2)(c2cccc(-c3cccnc3)c2)N=C1N,BACE_1147,0
CN1C(=O)CC(C)(CCc2cccc(-c3ccccc3)c2)N=C1N,BACE_1148,0
CC(=O)NC(Cc1cc(F)cc(F)c1)C(O)C[NH2+]C1(c2cccc(C(C)(C)C)c2)CCCN(C(C)=O)C1,BACE_1149,0
CC(=O)N(c1ccccc1)c1cccc(C(=O)NC(Cc2ccccc2)C(O)C[NH2+]C(C)C(=O)NC2CCCCC2)c1,BACE_1150,0
CC(=O)NC(Cc1cc(F)cc(F)c1)C(O)C[NH2+]C1(c2cccc(N3CCOCC3=O)c2)CCCCC1,BACE_1151,0
CC(=O)NC(Cc1cc(F)cc(F)c1)C(O)C[NH2+]C1(c2cccc(N3CCOC3=O)c2)CCCCC1,BACE_1152,0
CC(=O)N[C@@H](Cc1cc(F)cc(F)c1)[C@H](O)C[NH2+]Cc1cccc(C(C)(C)C)c1,BACE_1153,0
C=C(c1cccc(C2([NH2+]C[C@@H](O)[C@H](Cc3cc(F)cc(F)c3)NC(C)=O)CC2)c1)C(F)(F)F,BACE_1154,0
CC(C)Oc1cccc(C[NH+]2CCC3(CNS(=O)(=O)N3c3cccc(F)c3)CC2C)c1,BACE_1155,0
CC1(C)Cc2ccc(-c3cncnc3)cc2C2(COC(N)=N2)C1,BACE_1156,0
COc1cccc(C(=O)Nc2cccc(C3(C4CCCCC4)N=C(N)N(C)C3=O)c2)c1,BACE_1157,0
CN1C(=O)C(c2ccc(OC(F)(F)F)cc2)(c2cccc(-c3cncnc3)c2F)N=C1N,BACE_1158,0
CC(NC(=O)c1cc(COCC([NH3+])(CO)Cc2ccccc2)cc(N(C)S(C)(=O)=O)c1)c1ccc(F)cc1,BACE_1159,0
CN1CC(N)=NC(C)(c2cccc(NC(=O)c3ccc(C(F)(F)F)cn3)c2)C1=O,BACE_1160,0
Cc1cc(C2(c3cccc(-c4cncnc4)c3)N=C(N)c3c(F)cccc32)cc(C)n1,BACE_1161,0
CCCCCCN1C(=O)C(c2ccccc2)(C2CCCCC2)N=C1N,BACE_1162,0
CN1C(=O)[C@](c2ccc(OC(F)(F)F)cc2)(c2ccc(F)c(-c3cncnc3)c2)N=C1N,BACE_1163,0
CC(=O)NC(Cc1cc(F)cc(F)c1)C(O)C[NH2+]C1(c2cccc(N3CCNC3=O)c2)CCCCC1,BACE_1164,0
CC(C)Oc1cccc(C[NH2+]C2CS(=O)(=O)CC(Cc3ccc(O)c(Br)c3)C2O)c1,BACE_1165,0
CC1=NC(c2cccc(-c3cccnc3)c2)(C2CCCCC2)N=C1N,BACE_1166,0
CN1C(=O)[C@](c2ccccc2)(c2ccc(OC(F)(F)F)cc2)N=C1N,BACE_1167,0
CCCc1cccc(C2(c3ccc(OC(F)(F)F)cc3)[NH+]=C(N)N3CCCN=C32)c1,BACE_1168,0
CC(C)(C)c1cccc(C[NH2+]C2CS(=O)(=O)CC(Cc3ccc4[nH]ncc4c3)C2O)c1,BACE_1169,0
CN1C(=O)C2(CC(C)(C)C(F)(F)c3ccc(-c4cncnc4)cc32)N=C1N,BACE_1170,0
COC(CNc1ccccc1)CC(O)C(COc1cc(F)cc(F)c1)NC(=O)c1cc(C(=O)NC(C)c2ccccc2)cc(N(C)S(C)(=O)=O)c1,BACE_1171,0
COC(CNc1ccc(F)cc1)CC(O)C(COc1cc(F)cc(F)c1)NC(=O)c1cc(C(=O)NC(C)c2ccccc2)cc(N(C)S(C)(=O)=O)c1,BACE_1172,0
CCc1cn2c3c(ccc(C(=O)NC(COc4cc(F)cc(F)c4)C(O)CC(COCc4ccc(OC)cc4)OC)c13)N(C)S(=O)(=O)CC2,BACE_1173,0
CCN(CC)C(=O)n1cc(C(=O)NC(Cc2ccccc2)C(O)C[NH2+]Cc2cccc(OC)c2)c2ccccc21,BACE_1174,0
CC(C)Oc1cccc(C[NH+]2CCC3(CC2C)CN(c2ncccn2)S(=O)(=O)N3c2cccc(F)c2)c1,BACE_1175,0
COc1c(C)cc([C@]2(c3cccc(-c4cncnc4)c3)N=C(C)C(N)=N2)cc1C,BACE_1176,0
COc1ccc2c(c1)C1(COC(N)=N1)c1cc(-c3ccc(Cl)cc3F)ccc1O2,BACE_1177,0
CC(=O)NC(Cc1cc(F)cc(F)c1)C(O)C[NH2+]C1(c2ncc(C(C)(C)C)o2)CCCCC1,BACE_1178,0
CC(=O)NC(Cc1cc(F)cc(F)c1)C(O)C[NH2+]C1(c2cccc(-n3ccnc3)c2)CCCCC1,BACE_1179,0
CCCCC1CCN(C(C)C(=O)NC(Cc2cc(F)cc(F)c2)C(O)C2Cc3ccccc3C[NH2+]2)C1=O,BACE_1180,0
CC1CC2(CC[NH+]1Cc1ccc(O)c(Cl)c1)CN(C)S(=O)(=O)N2c1cccc(F)c1,BACE_1181,0
CC(=O)NC(Cc1cc(F)cc(F)c1)C(O)C[NH2+]C1(c2ccc(CC(C)(C)C)s2)CC1,BACE_1182,0
CC(C)(C)c1cccc(C[NH2+]C2CS(=O)(=O)CC(Cc3ccccc3)C2O)c1,BACE_1183,0
CCCCOc1ccc(-c2ccc(-c3ccccc3Cl)n2Cc2cccc(N)n2)cc1,BACE_1184,0
COc1ccc2c(c1)C1(COC(N)=N1)c1cc(-c3cccc(C)c3)ccc1O2,BACE_1185,0
CC(=O)NC(Cc1cc(F)cc(F)c1)C(O)C[NH2+]C1(c2cccc(C3CCCCO3)c2)CC1,BACE_1186,0
CC(=O)N[C@@H](Cc1cc(F)cc(F)c1)[C@H](O)C[NH2+][C@]1(c2cccc(C(C)(C)C(F)F)c2)C[C@H]1C,BACE_1187,0
CC1CC2(CC[NH+]1Cc1cccc(-c3ccccc3Cl)c1)CNS(=O)(=O)N2c1cccc(F)c1,BACE_1188,0
CCN1CC2(CC[NH+](Cc3cccc(OC(C)C)c3)C(C)C2)N(c2cccc(F)c2)S1(=O)=O,BACE_1189,0
CC(C)Oc1cccc(C[NH+]2CCC3(CC2C)CN(c2ncco2)S(=O)(=O)N3c2cccc(F)c2)c1,BACE_1190,0
COc1ccccc1-c1ccc2c(c1)C1(CC(C)(C)O2)N=C(N)N(C)C1=O,BACE_1191,0
CC(C)C(=O)Nc1c(Cl)cc(CNC(=[NH2+])NC(=O)Cn2ccc3ccccc32)cc1Cl,BACE_1192,0
CCc1csc(C2([NH2+]CC(O)C(Cc3cc(F)cc(F)c3)NC(C)=O)CCCCC2)c1,BACE_1193,0
CC(C)NC(=O)c1ccc(-c2ccc(-c3ccccc3)n2Cc2cccc(N)n2)cc1,BACE_1194,0
COc1ccc2c(c1)C1(COC(N)=N1)c1cc(-c3ccc(C)cc3)ccc1O2,BACE_1195,0
COc1ccc(COCC(CC(O)C(COc2cc(F)cc(F)c2)NC(=O)c2cc(N(C)CC3CC3C)nc(N(C)S(C)(=O)=O)c2)OC)cc1,BACE_1196,0
CC(C)c1cccc(C[NH2+]C2CS(=O)(=O)CC(Cc3ccc(O)cc3)C2O)c1,BACE_1197,0
CC(NC(=O)c1cc(-c2nc(C(C)([NH3+])Cc3ccccc3)no2)cc(N(C)S(C)(=O)=O)c1)c1ccc(F)cc1,BACE_1198,0
CC(=O)NC(Cc1cc(F)cc(F)c1)C(O)C[NH2+]C1(c2ccn(C(C)(C)C)n2)CCCCC1,BACE_1199,0
CC1(C)Cc2cc(Cl)ccc2C(NC(Cc2cscc2-c2ccncc2)C(=O)[O-])=N1,BACE_1200,0
COC(COCC1CC1)CC(O)C(COc1cc(F)cc(F)c1)NC(=O)c1cc(C(=O)NC(C)c2ccccc2)cc(N(C)S(C)(=O)=O)c1,BACE_1201,0
CC(=O)NC(Cc1cc(F)cc(F)c1)C(O)C[NH2+]C1(c2cccc(N3CC4CCC3C4)c2)CC1,BACE_1202,0
COCCCC1NC(=O)c2cc(cc(N(C)S(C)(=O)=O)c2)C(=O)NC(C(O)CC(C(=O)NCC(C)C)C(C)C)COCc2cccc1c2,BACE_1203,0
CC1(C)Cc2ccc(-c3cccnc3F)cc2C2(COC(N)=N2)C1,BACE_1204,0
COc1ccc(C2(c3cccc(-c4cc(Cl)ccc4F)c3)COC(N)=N2)cc1,BACE_1205,0
CCn1cc([C@@]2(c3cccc(-c4cccnc4F)c3)N=C(N)N(C)C2=O)cn1,BACE_1206,0
CC1(C)Cc2ccc(-c3cncc(Cl)c3)cc2C2(CSC(N)=N2)C1,BACE_1207,0
CCCN(CCC)C(=O)c1cc(CC(COC)OC)cc(C(=O)NC(Cc2cc(F)cc(F)c2)C(O)C[NH2+]Cc2cccc(OC)c2)c1,BACE_1208,0
COc1cccc(-c2cccc(C3(C)CSCC(N)=N3)c2)c1,BACE_1209,0
COc1cccc(-c2cccc(C3(C)CCSC(N)=N3)c2)c1,BACE_1210,0
COc1ccc2c(c1)C1(COC(N)=N1)c1cc(-c3ccc(Cl)cc3)ccc1O2,BACE_1211,0
CC1(c2cccc(NC(=O)c3ccc(Cl)cn3)c2)COC(N)=N1,BACE_1212,0
C=CCOCC(CC(O)C(COc1cc(F)cc(F)c1)NC(=O)c1cc(C(=O)NC(C)c2ccccc2)cc(N(C)S(C)(=O)=O)c1)OC,BACE_1213,0
CC(NC(=O)c1cc(-c2noc(C(C)([NH3+])Cc3ccccc3)n2)cc(N(C)S(C)(=O)=O)c1)c1ccc(F)cc1,BACE_1214,0
COc1ccc(C2(c3cccc(-c4cccc(Cl)c4)c3)COC(N)=N2)cc1,BACE_1215,0
CCCCNC(=O)NCc1ccc(CN2C(=N)NC(CC3CCCCC3)(CC3CCCCC3)C2=O)cc1,BACE_1216,0
CC(=O)NC(Cc1cc(F)cc(F)c1)C(O)C[NH2+]C1(c2cccc(CC(C)(C)C)c2)CCCCC1,BACE_1217,0
COc1ccc(C2(c3cccc(-c4cncnc4)c3)N=C(N)C(C(C)C)=N2)cc1,BACE_1218,0
COc1ccc2c(c1)C1(COC(N)=N1)c1cc(-c3ccncc3Cl)ccc1O2,BACE_1219,0
CC(C)Oc1cccc(C[NH+]2CCC3(CC2C)CN(c2nccs2)S(=O)(=O)N3c2cccc(F)c2)c1,BACE_1220,0
CN1C(=O)C(c2ccccc2)(c2ccc(Cl)cc2)N=C1N,BACE_1221,0
CCNC(=O)c1ccc(-c2ccc(-c3ccccc3)n2Cc2cccc(N)n2)cc1,BACE_1222,0
CCCOc1cccc(CC2CS(=O)(=O)CC([NH2+]Cc3cccc(C(C)C)c3)C2O)c1,BACE_1223,0
CC(C)Oc1cccc(C[NH+]2CCC3(CC2C)CN(C(C)C)S(=O)(=O)N3c2cccc(F)c2)c1,BACE_1224,0
CC(C)CNC(=O)[C@H](C)C[C@H](O)[C@H](CC(C)C)NC(=O)[C@H](Cc1ccccc1)NC(=O)[C@H](CC(C)C)NC(=O)OC(C)(C)C,BACE_1225,0
CN1C(=O)C2(CC(C)(C)Oc3ccc(-c4ccccn4)cc32)N=C1N,BACE_1226,0
CC(=O)NC(Cc1cc(F)cc(F)c1)C(O)C[NH2+]C1(c2cccc(-n3cccn3)c2)CCOC1,BACE_1227,0
CC(=O)NC(Cc1cc(F)cc(F)c1)C(O)C[NH2+]C1(c2cccc(N3CC4CC3CO4)c2)CC1,BACE_1228,0
CC(=O)NC(Cc1cc(F)cc(F)c1)C(O)C[NH2+]C1(c2cc(C(C)(C)C)ncn2)CCCCC1,BACE_1229,0
CC1(C)Cc2cc(Cl)ccc2C(NC(Cc2cscc2C2CC2)C(=O)[O-])=N1,BACE_1230,0
COc1ccc(-c2ccc(-c3ccccc3Cl)n2Cc2cccc(N)n2)cc1,BACE_1231,0
CN1C(=O)C(c2ccccc2)(c2cccc(Cl)c2)N=C1N,BACE_1232,0
NC1=[NH+][C@](c2ccc(OC(F)(F)F)cc2)(c2cccc(Br)c2)C2=NCCCN21,BACE_1233,0
CC1=NC(Cc2ccccc2)(c2cccc(-c3cncnc3)c2)N=C1N,BACE_1234,0
CC(C)CNC(=O)[C@H](C)C[C@H](O)[C@H](CC(C)C)NC(=O)[C@H](Cc1ccc([N+](=O)[O-])cc1)NC(=O)c1ccc([N+](=O)[O-])cc1,BACE_1235,0
CN1C(=O)C(c2ccccc2)(c2ccncc2)N=C1N,BACE_1236,0
CCCCNC(=O)C(C)CC(O)C(Cc1ccccc1)NC(=O)C1CCCC(C2(NC(C)=O)CCCC2)C1,BACE_1237,0
CC1(C)Cc2cc(Cl)ccc2C(NC(Cc2ccccc2)c2nccc(=O)[nH]2)=N1,BACE_1238,0
CC(C)(C)c1cccc(C[NH2+]C2CS(=O)(=O)CC(Cc3ccc4[nH]ccc4c3)C2O)c1,BACE_1239,0
COc1ccc2c(c1)C1(COC(N)=N1)c1cc(-c3cccc(OC(F)(F)F)c3)ccc1O2,BACE_1240,0
COc1ccc(CC2CS(=O)(=O)CC([NH2+]Cc3cccc(C(C)C)c3)C2O)cc1Br,BACE_1241,0
CC1(C)Cc2cc(Cl)ccc2C(NC(Cc2ccccc2)C(=O)[O-])=N1,BACE_1242,0
CCCC(=O)Nc1cccc([C@@]2(C3CCCCC3)N=C(N)N(C)C2=O)c1,BACE_1243,0
CC(C)Oc1cccc(-c2ccc3c(c2)C2(CC(C)(C)O3)N=C(N)N(C)C2=O)c1,BACE_1244,0
CC1(C)Cc2cc(Cl)ccc2C(NC(Cc2ccsc2)C(=O)[O-])=N1,BACE_1245,0
CN1C(=O)CC(C)(C2CC2c2cccc(/C=C/c3ccccc3)c2)N=C1N,BACE_1246,0
CCCCNC(=O)NCc1ccc(CN2C(=N)NC(CCC3CCCCC3)(CC(C)C)C2=O)cc1,BACE_1247,0
CCCNC(=O)c1ccc(-c2ccc(-c3ccccc3)n2Cc2cccc(N)n2)cc1,BACE_1248,0
CCCCNC(=O)c1ccc(-c2ccc(-c3ccccc3)n2Cc2cccc(N)n2)cc1,BACE_1249,0
CCC(=O)c1cc([C@@]2(c3cccc(-c4cccnc4F)c3)N=C(N)N(C)C2=O)cs1,BACE_1250,0
COc1cccc(-c2cccc(C3(C4CCOCC4)N=C(C)C(N)=N3)c2)c1,BACE_1251,0
CC(=O)NC(Cc1cc(F)cc(F)c1)C(O)C[NH2+]C1(c2csc(CC(C)(C)C)n2)CC1,BACE_1252,0
COc1ccc(C2(c3ccccc3)N=C(N)N(C)C2=O)cc1,BACE_1253,0
CCCCS(=O)(=O)n1cc(C(=O)NC(Cc2ccccc2)C(O)C[NH2+]Cc2cccc(OC)c2)c2ccccc21,BACE_1254,0
COc1ccc(C2NC(=O)c3cc(cc(N(C)S(C)(=O)=O)c3)C(=O)NC(C(O)CC(C(=O)NCC(C)C)C(C)C)COCc3cccc2c3)cc1,BACE_1255,0
CC(C)Oc1cccc(C[NH+]2CCC3(CC2C)CN(c2cccnc2)S(=O)(=O)N3c2cccc(F)c2)c1,BACE_1256,0
COc1cccc(-c2cccc(C3(C)COCC(N)=N3)c2)c1,BACE_1257,0
COc1ccc(C2(c3cccc(-c4cccnc4)c3)CC(OC)C(N)=N2)cc1,BACE_1258,0
COc1ccc2c(c1)C1(COC(N)=N1)c1cc(-c3cc(Cl)c(C)cc3F)ccc1O2,BACE_1259,0
NC1=NC2(c3cccc(NC(=O)c4ccc(Cl)cn4)c3)CCOCC2O1,BACE_1260,0
COc1cccc(-c2cccc(C3CC3C3(C)CC(=O)N(C)C(N)=N3)c2)c1,BACE_1261,0
CC1(C)Cc2cc(Cl)ccc2C(NC(Cc2ccccc2)c2n[nH]c(=O)[nH]2)=N1,BACE_1262,0
COc1ccc(C2(c3cccc(Br)c3)N=C(N)N3CC(F)(F)CN=C32)cc1,BACE_1263,0
CN1C(=O)C(c2ccccc2)(c2ccccc2)N=C1N,BACE_1264,0
Nc1cccc(Cn2c(-c3ccccc3)ccc2-c2ccc(C(=O)NC3CCC3)cc2)n1,BACE_1265,0
COc1cccc(C2(c3ccccc3)N=C(N)N(C)C2=O)c1,BACE_1266,0
Cc1ccc(N(c2ccccc2)S(C)(=O)=O)cc1C(=O)NC(Cc1ccccc1)C(O)C[NH2+]Cc1cccc(C(F)(F)F)c1,BACE_1267,0
COc1cccc(-c2cccc(C3(C)N=C(C)C(N)=N3)c2)c1,BACE_1268,0
CC(CC(O)C(COCc1cc(F)cc(F)c1)NC(=O)c1cc(C(=O)NC(C)c2ccccc2)cc(N(C)S(C)(=O)=O)c1)C(=O)NC(C(=O)NCc1ccc(F)cc1)C(C)C,BACE_1269,0
CS(=O)(=O)N(c1ccccc1)c1cccc(C(=O)NC(Cc2ccccc2)C(O)C[NH2+]Cc2cccc(C(F)(F)F)c2)n1,BACE_1270,0
CC(C)CNC(=O)C(CC(O)C1COCc2cccc(c2)C(c2ccccc2)NC(=O)c2cc(cc(N(C)S(C)(=O)=O)c2)C(=O)N1)C(C)C,BACE_1271,0
CC(C)CNC(=O)[C@H](C)C[C@H](O)[C@H](CC(C)C)NC(=O)[C@H](Cc1ccc([N+](=O)[O-])cc1)NC(=O)/C=C/c1ccc(C(F)(F)F)cc1,BACE_1272,0
COc1ccc(C(=O)N[C@@H](Cc2ccc([N+](=O)[O-])cc2)C(=O)N[C@@H](CC(C)C)[C@@H](O)C[C@@H](C)C(=O)NCC(C)C)cc1OC,BACE_1273,0
CN1C(=O)[C@](c2ccncc2)(c2cccc(-c3cc(F)ccc3F)c2)N=C1N,BACE_1274,0
COc1ccc2c(c1)C1(COC(N)=N1)c1cc(-c3ccncc3)ccc1O2,BACE_1275,0
CCCCNC(=O)C(C)CC(O)C(CC(C)C)NC(=O)C(CCSC)NC(=O)C(C)NC(C)=O,BACE_1276,0
CC(=O)NC(Cc1cc(F)cc(F)c1)C(O)C[NH2+]C1(c2cccc(C3COCCO3)c2)CC1,BACE_1277,0
CS(=O)(=O)c1ccc(-c2ccccc2C2C[NH2+]CC2C(=O)N2CCOCC2c2ccccc2)cc1,BACE_1278,0
O=C(C1C[NH2+]CC12CCCc1ccccc12)N1CCC(c2ccccc2)CC1,BACE_1279,0
CC(C)Oc1cccc(C[NH+]2CCC3(CC2C)CN(c2ccncc2)S(=O)(=O)N3c2cccc(F)c2)c1,BACE_1280,0
CC1(c2cccc(-c3cncc(F)c3)c2)N=C(N)C2CCCCN21,BACE_1281,0
NC1=NC2(CCc3ccc(NC(=O)c4ccc(Cl)cn4)cc32)CS1,BACE_1282,0
CN1C(=O)CC(C)(C2CC2c2cccc(CCc3ccccc3)c2)N=C1N,BACE_1283,0
CC(=O)NC(Cc1cc(F)cc(F)c1)C(O)C[NH2+]C1(c2ccc(C(C)C)s2)CCCCC1,BACE_1284,0
CC(=O)NC(C)(C)C1CCCC(C(=O)NC(Cc2ccccc2)C(O)C[NH2+]Cc2cccc(C(C)C)c2)C1,BACE_1285,0
O=S1(=O)CC(Cc2ccc(O)c(Br)c2)C(O)C([NH2+]Cc2cc(Cl)cc(Cl)c2)C1,BACE_1286,0
COc1cccc(-c2cccc(CCc3cc(=O)n(C)c(N)n3)c2)c1,BACE_1287,0
CC(C)CNC(=O)[C@H](C)C[C@H](O)[C@H](CC(C)C)NC(=O)[C@H](Cc1ccc([N+](=O)[O-])cc1)NC(=O)c1ccc(Cl)cc1Cl,BACE_1288,0
CC(C)c1ccnc(C[NH2+]C2CS(=O)(=O)CC(Cc3ccc(O)c(Br)c3)C2O)c1,BACE_1289,0
C#Cc1csc(C2([NH2+]CC(O)C(Cc3cc(F)cc(F)c3)NC(C)=O)CCCCC2)c1,BACE_1290,0
CC(=O)NC(Cc1cc(F)cc(F)c1)C(O)C[NH2+]C1(c2cc(C(C)(C)C)no2)CCCCC1,BACE_1291,0
CS(=O)(=O)N(c1ccccc1)c1ccnc(C(=O)NC(Cc2ccccc2)C(O)C[NH2+]Cc2cccc(C(F)(F)F)c2)c1,BACE_1292,0
CC(C)CNC(=O)[C@H](C)C[C@H](O)[C@H](CC(C)C)NC(=O)[C@H](Cc1ccccc1)NC(=O)c1cccc2ccccc12,BACE_1293,0
CC(=O)NC(Cc1cc(F)cc(F)c1)C(O)C[NH2+]C1(c2cccc(C(C)(C)C)c2)CC[NH2+]CC1,BACE_1294,0
COc1ccc2c(c1)C1(COC(N)=N1)c1cc(-c3ccccc3Cl)ccc1O2,BACE_1295,0
CC(=O)NC(Cc1cc(F)cc(F)c1)C(O)C[NH2+]C1(c2ncc(C(C)(C)C)o2)CC1,BACE_1296,0
Cc1cc2cc(c1)C(=O)N[C@H](c1ccccc1)C/C=C/COCC(C(O)C[NH2+]Cc1cccc(C(C)C)c1)NC2=O,BACE_1297,0
CCCCNC(=O)NCc1ccc(CN2C(=N)NC(C)(CC3CCCCC3)C2=O)cc1,BACE_1298,0
COc1ccc2c(c1)C1(COC(N)=N1)c1cc(-c3ccc(OC(F)(F)F)cc3)ccc1O2,BACE_1299,0
Nc1cccc(Cn2c(-c3ccccc3)ccc2-c2ccccc2)n1,BACE_1300,0
Cc1ccccc1-c1ccc2nc(N)c(CCC(=O)N(C)C3CCCCC3)cc2c1,BACE_1301,0
CC(=O)NC(Cc1ccccc1)C(O)C[NH2+]C1CC2(CCC2)Oc2ncccc21,BACE_1302,0
NC1=[NH+][C@](c2ccccc2)(c2cccc(Cc3ccccc3)c2)C2=NCCCN21,BACE_1303,0
CC([NH2+]CC(O)C(Cc1ccccc1)NC(=O)c1cccc(N2CCCC2=O)c1)C(=O)NC1CCCCC1,BACE_1304,0
CN(c1cc2cc(c1)C(=O)NC(C(O)C[NH2+]Cc1ccccc1)COCCCCCNC2=O)S(C)(=O)=O,BACE_1305,0
Cc1ccc2c(c1)CC(C)(C)N=C2NC(Cc1ccccc1)C(=O)[O-],BACE_1306,0
CC([NH2+]CC(O)C(Cc1ccccc1)NC(=O)c1cccc(NS(=O)(=O)Cc2ccccc2)c1)C(=O)NC1CCCCC1,BACE_1307,0
COc1ccc(C(Cc2cc([N+](=O)[O-])ccc2OC)c2c[nH]c(N)n2)cc1,BACE_1308,0
CC(NC(=O)c1cc(CNC(=O)C(C)([NH3+])Cc2ccccc2)cc(N(C)S(C)(=O)=O)c1)c1ccc(F)cc1,BACE_1309,0
CC1(C)Cc2ccc(-c3cncc(F)c3)cc2C2(COC(N)=N2)C1,BACE_1310,0
CC1CC2(CC[NH+]1Cc1ccc3[nH]ccc3c1)CN(C)S(=O)(=O)N2c1cccc(F)c1,BACE_1311,0
CN1C(=O)CC(C)(C2CC2c2cccc(-c3cccs3)c2)N=C1N,BACE_1312,0
CC(=O)NC(Cc1cc(F)cc(F)c1)C(O)C[NH2+]C1(c2cccc(C#N)c2)CCCCC1,BACE_1313,0
Cc1cccc(Cc2cc(CC3CS(=O)(=O)CC([NH2+]Cc4cccc(C(C)C)c4)C3O)ccc2O)c1,BACE_1314,0
CN1C(=O)C2(CC(C)(C)Oc3ccc(-c4ccncc4)cc32)N=C1N,BACE_1315,0
CC([NH2+]CC(O)C(Cc1ccccc1)NC(=O)c1cccc(Nc2ccccc2)c1)C(=O)NC1CCCCC1,BACE_1316,0
CC1(c2cccc(-c3cccc(Cl)c3)c2)N=C(N)CCO1,BACE_1317,0
CC(=O)Nc1ccc(C[NH+]2CCC3(CC2C)CN(C)S(=O)(=O)N3c2cccc(F)c2)cc1,BACE_1318,0
COC(COc1ccccc1)CC(O)C(COc1cc(F)cc(F)c1)NC(=O)c1cc(C(=O)NC(C)c2ccccc2)cc(N(C)S(C)(=O)=O)c1,BACE_1319,0
CCCCN(C)C(=O)n1cc(C(=O)NC(Cc2ccccc2)C(O)C[NH2+]Cc2ccccc2OC)c2cccnc21,BACE_1320,0
Cn1c(N)nc(CCc2cccc(-c3ccccc3)c2)cc1=O,BACE_1321,0
CC(=O)NC(Cc1cc(F)cc(F)c1)C(O)C[NH2+]C1(c2ccc(Br)c(C(C)(C)C)c2)CCCCC1,BACE_1322,0
CC(C)CNC(=O)[C@H](C)C[C@H](O)[C@H](CC(C)C)NC(=O)[C@H](Cc1ccccc1)NC(=O)c1ccccc1,BACE_1323,0
COc1ccc2c(c1)C1(COC(N)=N1)c1cc(-c3ccccc3C)ccc1O2,BACE_1324,0
Cc1cnc(C(=O)Nc2cccc(C3(C)N=C(N)CN(C)C3=O)c2)cn1,BACE_1325,0
COc1ccc(Cc2cccc([C@@]3(c4ccccc4)[NH+]=C(N)N4CCCN=C43)c2)cc1,BACE_1326,0
COc1ccc(-c2ccc3c(c2)C2(CC(C)(C)O3)N=C(N)N(C)C2=O)cc1,BACE_1327,0
CC1(C)Cc2cc(Cl)ccc2C(NC(Cc2ccccc2)c2nc3ccccc3c(=O)[nH]2)=N1,BACE_1328,0
COc1ccc(C2(c3cccc(-c4cccnc4)c3)COC(N)=N2)cc1,BACE_1329,0
COc1ccccc1-c1cccc(C2CC2C2(C)CC(=O)N(C)C(N)=N2)c1,BACE_1330,0
CN1C(=O)CC(C)(C2CC2c2cccc(-c3ccsc3)c2)N=C1N,BACE_1331,0
CC(=O)NC(Cc1cc(F)cc(F)c1)C(O)C[NH2+]C1(c2cccc(-n3nccn3)c2)CCCCC1,BACE_1332,0
COCCC(=O)Nc1cccc(C2(C3CCCCC3)N=C(N)N(C)C2=O)c1,BACE_1333,0
CC([NH2+]CC(O)C(Cc1ccccc1)NC(=O)c1cccc(NS(=O)(=O)c2ccccc2)c1)C(=O)NC1CCCCC1,BACE_1334,0
COc1cccc(-c2cccc(C3(C)N=C(N)CS3)c2)c1,BACE_1335,0
COc1ccc(C2(c3cccc(-c4cncnc4)c3)CCC(N)=N2)cc1,BACE_1336,0
CC(C)CNC(=O)[C@H](C)C[C@H](O)[C@H](CC(C)C)NC(=O)[C@H](Cc1ccccc1)NC(=O)c1ccc2c(c1)OCO2,BACE_1337,0
CCC[C@@H]1C(C(=O)NOCc2ccccc2)=C(C)N(S(C)(=O)=O)C(C)=C1C(=O)N[C@@H](Cc1ccccc1)[C@H](O)C[NH2+]C1CC1,BACE_1338,0
NC1=[NH+]C(c2ccccc2)(c2cccc(Cc3ccc(F)cc3)c2)C2=NCCCN21,BACE_1339,0
COc1ccc(C2(c3cccc(-c4cnccc4F)c3)COC(N)=N2)cc1,BACE_1340,0
CCCOc1cccc(-c2cccc(C3CC3C3(C)CC(=O)N(C)C(N)=N3)c2)c1,BACE_1341,0
CN1C(=O)C2(CC(C)(C)Oc3ccc(N4CCCCC4)cc32)N=C1N,BACE_1342,0
[NH2+]=C(NCc1cc(Cl)cc(Cl)c1)NC(=O)Cn1ccc2ccccc21,BACE_1343,0
CC1(c2cccc(NC(=O)c3ccccn3)c2)CSC(N)=N1,BACE_1344,0
CC1=C(C(=O)NOCc2ccccc2)[C@H](C)C(C(=O)N[C@@H](Cc2ccccc2)[C@H](O)C[NH2+]C2CC2)=C(C)N1CC(=O)OC(C)C,BACE_1345,0
CCSc1cccc(-c2ccc(C3CC3c3cc(=O)n(C)c(N)n3)cc2)c1,BACE_1346,0
CN1C(=O)CC(C)(C2CC2c2cccc(-c3ccccc3)c2)N=C1N,BACE_1348,0
CC(=O)NC(Cc1cc(F)cc(F)c1)C(O)C[NH2+]C1(c2nc(CC(C)(C)C)cs2)CC1,BACE_1349,0
CC[C@H]1C(C(=O)NOCc2ccccc2)=C(C)N(S(C)(=O)=O)C(C)=C1C(=O)N[C@@H](Cc1ccccc1)[C@H](O)C[NH2+]C1CC1,BACE_1350,0
CCOc1cccc(C[NH+]2CCC3(CNS(=O)(=O)N3c3cccc(F)c3)CC2C)c1,BACE_1351,0
CC1(C)Cc2cc(Cl)ccc2C(NC(Cc2ccsc2Br)C(=O)[O-])=N1,BACE_1352,0
CC(=O)NC(Cc1cc(F)cc(F)c1)C(O)C[NH2+]C1(c2cccc(C(C)(C)C)c2)CCC[NH2+]C1,BACE_1353,0
CC(=O)NC(Cc1cc(F)cc(F)c1)C(O)C[NH2+]C1(c2cccc(C(C)(C)C)c2)CCC(CCO)CC1,BACE_1354,0
COCc1cc2cc(c1)C(=O)NC(C(O)C[NH2+]C(c1cccc(C(C)(C)C)c1)C(F)(F)F)Cc1cccc(c1)OCCCCN2,BACE_1355,0
COC(CO)CC(O)C(COc1cc(F)cc(F)c1)NC(=O)c1cc(C(=O)NC(C)c2ccccc2)cc(N(C)S(C)(=O)=O)c1,BACE_1356,0
COCC(CC(O)C(COc1cc(F)cc(F)c1)NC(=O)c1cc(C(=O)NC(C)c2ccccc2)cc(N(C)S(C)(=O)=O)c1)OC,BACE_1357,0
COC(COCc1ccc(F)cc1)CC(O)C(COc1cc(F)cc(F)c1)NC(=O)c1cc(C(=O)NC(C)c2ccccc2)cc(N(C)S(C)(=O)=O)c1,BACE_1358,0
COc1cccc(COCC(CC(O)C(COc2cc(F)cc(F)c2)NC(=O)c2cc(C(=O)NC(C)c3ccccc3)cc(N(C)S(C)(=O)=O)c2)OC)c1,BACE_1359,0
COC(C[NH2+]Cc1ccccc1)CC(O)C(COc1cc(F)cc(F)c1)NC(=O)c1cc(C(=O)NC(C)c2ccccc2)cc(N(C)S(C)(=O)=O)c1,BACE_1360,0
CC(CC(O)C(COCc1cc(F)cc(F)c1)NC(=O)c1cc(C(=O)NC(C)c2ccccc2)cc(N(C)S(C)(=O)=O)c1)C(=O)NC1CC1,BACE_1361,0
CC(=O)NC(Cc1cc(F)cc(F)c1)C(O)C[NH2+]C1(c2cccc(C3CCCCC3)c2)CCCCC1,BACE_1362,0
CC(=O)NC(Cc1cc(F)cc(F)c1)C(O)C[NH2+]C1(c2ccccc2)CCCCC1,BACE_1363,0
CNC(=O)C(CC(O)C1COCc2cccc(c2)C(c2ccccc2)NC(=O)c2cc(cc(N(C)S(C)(=O)=O)c2)C(=O)N1)C(C)C,BACE_1364,0
COCCOC1NC(=O)c2cc(cc(N(C)S(C)(=O)=O)c2)C(=O)NC(C(O)CC(C(=O)NCC(C)C)C(C)C)COCc2cccc1c2,BACE_1365,0
COCCOC1CCCc2cc(cc(N(C)S(C)(=O)=O)c2)C(=O)NC(C(O)CC(C(=O)NCC(C)C)C(C)C)COCc2cccc1c2,BACE_1366,0
Nc1c(F)cc(CC2CS(=O)(=O)CC([NH3+])C2O)cc1OC(C(F)(F)F)C(F)(F)F,BACE_1367,0
CC(C)(C)OC1CC1C[NH2+]C1CS(=O)(=O)CC(Cc2cc(F)c(N)c(OC(C(F)(F)F)C(F)(F)F)c2)C1O,BACE_1368,0
Cc1cc2cc(c1)C(=O)NC(C(O)C[NH2+]Cc1ccccc1)COC/C=C/CCNC2=O,BACE_1369,0
COc1cccc(-c2cccc(C3(C)N=C(N)CCO3)c2)c1,BACE_1370,0
COCC(Oc1cc(CC2C[S+]([O-])CC([NH2+]CCCOC(C)(C)C)C2O)cc(F)c1N)C(F)(F)F,BACE_1371,0
CC(NC(=O)c1cc(C[NH2+]CC([NH3+])(CO)Cc2ccccc2)cc(N(C)S(C)(=O)=O)c1)c1ccc(F)cc1,BACE_1372,0
CC(NC(=O)c1cc(COCC([NH3+])Cc2ccccc2)cc(N(C)S(C)(=O)=O)c1)c1ccc(F)cc1,BACE_1373,0
CCOc1cccc(-c2ccc(C3CC3c3cc(=O)n(C)c(N)n3)cc2)c1,BACE_1374,0
COc1ccc2c(c1)[C@@]1(COC(N)=N1)c1cc(-c3cncnc3)ccc1O2,BACE_1375,0
NC1=NC2(CCc3ccc(NC(=O)c4ccc(Cl)cn4)cc32)CO1,BACE_1376,0
CC(NC(=O)c1cc(C(=O)NCC([NH3+])(CO)Cc2ccccc2)cc(N(C)S(C)(=O)=O)c1)c1ccc(F)cc1,BACE_1377,0
CC1=C(C(=O)NOCc2ccccc2)[C@H](C(C)C)C(C(=O)N[C@@H](Cc2ccccc2)[C@H](O)C[NH2+]C2CC2)=C(C)N1S(C)(=O)=O,BACE_1378,0
CC1CC2(CC[NH+]1Cc1cccc(OC3CCCC3)c1)CNS(=O)(=O)N2c1cccc(F)c1,BACE_1379,0
CCCc1cccc(-c2ccc(C3CC3c3cc(=O)n(C)c(N)n3)cc2)c1,BACE_1380,0
CC(C)COc1cccc(C[NH+]2CCC3(CNS(=O)(=O)N3c3cccc(F)c3)CC2C)c1,BACE_1381,0
COc1ccc(C2(c3cccc(-c4cncnc4)c3)COC(N)=N2)cc1,BACE_1382,0
CN1C(=O)CC(C)(C2CC2c2cccc(-c3cccnc3)c2)N=C1N,BACE_1383,0
COc1cncc(-c2ccc(C3CC3c3cc(=O)n(C)c(N)n3)cc2)n1,BACE_1384,0
CC([NH2+]CC(O)C(Cc1ccccc1)NC(=O)c1cccc(OS(=O)(=O)Cc2ccccc2)c1)C(=O)NC1CCCCC1,BACE_1385,0
CC1=NC(C)(c2cccc(-c3cccnc3)c2)N=C1N,BACE_1386,0
NC1=NC2(c3cccc(-c4cc(F)cc(Cl)c4)c3)CCOCC2O1,BACE_1387,0
CCCOc1cccc(-c2ccc(C3CC3c3cc(=O)n(C)c(N)n3)cc2)c1,BACE_1388,0
Cn1c(N)nc(C2CC2c2ccc(-c3cccs3)cc2)cc1=O,BACE_1389,0
COc1cccc(-c2ccc(C3CC3c3cc(=O)n(C)c(N)n3)cc2)c1,BACE_1390,0
CC1=C(C(=O)NOCc2ccccc2)[C@H](C)C(C(=O)N[C@@H](Cc2ccccc2)[C@H](O)C[NH2+]C2CC2)=C(C)N1S(C)(=O)=O,BACE_1391,0
CSc1cccc(-c2ccc(C3CC3c3cc(=O)n(C)c(N)n3)cc2)c1,BACE_1392,0
COC(=O)CN1C(C)=C(C(=O)NOCc2ccccc2)[C@@H](C)C(C(=O)N[C@@H](Cc2ccccc2)[C@H](O)C[NH2+]C2CC2)=C1C,BACE_1393,0
CCOC(=O)CN1C(C)=C(C(=O)NOCc2ccccc2)[C@H](C)C(C(=O)N[C@@H](Cc2ccccc2)[C@H](O)C[NH2+]C2CC2)=C1C,BACE_1394,0
CC(C)CNC(=O)[C@H](C)C[C@H](O)[C@H](CC(C)C)NC(=O)[C@H](Cc1ccccc1)NC(=O)c1ccc([N+](=O)[O-])cc1,BACE_1395,0
CC1(c2cccc(-c3cncc(F)c3)c2)N=C(N)[C@H]2CCCCN21,BACE_1396,0
CC1=C(C(=O)N[C@@H](Cc2ccccc2)[C@H](O)C[NH2+]C2CC2)[C@H](C)C(C(=O)N[C@H](C)c2ccccc2)=C(C)N1S(C)(=O)=O,BACE_1397,0
CC1=C(C(=O)OCc2ccccc2)[C@@H](C)C(C(=O)N[C@@H](Cc2ccccc2)[C@H](O)C[NH2+]C2CC2)=CN1CC(=O)OC(C)C,BACE_1398,0
CC[C@H]1C(C(=O)N[C@@H](Cc2ccccc2)[C@H](O)C[NH2+]C2CC2)=C(C)N(S(C)(=O)=O)C(C)=C1C(=O)N[C@H](C)c1ccccc1,BACE_1399,0
CC(NC(=O)c1cc(N(C)S(C)(=O)=O)cc(-n2cc(C(C)([NH3+])Cc3ccccc3)nn2)c1)c1ccc(F)cc1,BACE_1400,0
CC(=O)Nc1cccc(-c2cccc(C3CC3C3(C)CC(=O)N(C)C(N)=N3)c2)c1,BACE_1401,0
CC(C)C1=NC(c2ccccc2)(c2cccc(-c3cncnc3)c2)N=C1N,BACE_1402,0
CN1C(=O)CC(C)(C2CC2c2ccccc2)N=C1N,BACE_1403,0
CC(NC(=O)c1cc(CNC(=O)C([NH3+])(CO)Cc2ccccc2)cc(N(C)S(C)(=O)=O)c1)c1ccc(F)cc1,BACE_1404,0
O=C(C1C[NH2+]CC1c1ccccc1Br)N1CCC(c2ccccc2)CC1,BACE_1405,0
O=C(C1C[NH2+]CC1c1ccccc1)N1CCC(c2ccccc2)CC1,BACE_1406,0
CC(C)CNC(=O)[C@H](C)C[C@H](O)[C@H](CC(C)C)NC(=O)[C@H](Cc1ccccc1)NC(=O)/C=C/c1ccc(C(F)(F)F)cc1,BACE_1407,0
Cn1c(N)nc(CCc2cccc(Br)c2)cc1=O,BACE_1408,0
COc1cccc(-c2cccc(C3(C)N=C(N)CN3C(C)=O)c2)c1,BACE_1409,0
COc1cccc([C@@]2(c3ccccc3)[NH+]=C(N)N3CCCN=C32)c1,BACE_1410,0
Cn1c(N)nc(C2CC2c2ccc(-c3cccc(CC#N)c3)cc2)cc1=O,BACE_1411,0
CN1C(=O)CC(C)(C2CC2c2cccc(-c3cccc(CO)c3)c2)N=C1N,BACE_1412,0
CC1CC2(CC[NH+]1Cc1ccccc1)CNS(=O)(=O)N2c1cccc(F)c1,BACE_1413,0
CC1=C(C(=O)NOCc2ccccc2)[C@@H](c2ccccc2)C(C(=O)N[C@@H](Cc2ccccc2)[C@H](O)C[NH2+]C2CC2)=C(C)N1S(C)(=O)=O,BACE_1414,0
NC1=[NH+]C(c2ccccc2)(c2cccc(C(F)(F)F)c2)C2=NCCCN21,BACE_1415,0
CCC([NH3+])(COCc1cc(C(=O)NC(C)c2ccc(F)cc2)cc(N(C)S(C)(=O)=O)c1)Cc1ccccc1,BACE_1416,0
CC(NC(=O)c1cc(C(=O)OCC(O)(C[NH3+])Cc2ccccc2)cc(N(C)S(C)(=O)=O)c1)c1ccc(F)cc1,BACE_1417,0
CC(NC(=O)c1cc(CCCC([NH3+])(CO)Cc2ccccc2)cc(N(C)S(C)(=O)=O)c1)c1ccc(F)cc1,BACE_1418,0
CCCOc1cccc(C[NH+]2CCC3(CNS(=O)(=O)N3c3cccc(F)c3)CC2C)c1,BACE_1419,0
CCC[C@@H]1C(C(C)=O)=C(C)N(CC(=O)OC(C)C)C(C)=C1C(=O)N[C@@H](Cc1ccccc1)[C@H](O)C[NH2+]Cc1cccc(OC)c1,BACE_1420,0
CCc1cccc(-c2ccc(C3CC3c3cc(=O)n(C)c(N)n3)cc2)c1,BACE_1421,0
COc1ccc(-c2cccc(C3CC3C3(C)CC(=O)N(C)C(N)=N3)c2)cc1,BACE_1422,0
COCc1cccc(-c2ccc(C3CC3c3cc(=O)n(C)c(N)n3)cc2)c1,BACE_1423,0
Cn1c(N)nc(C2CC2c2ccc(-c3cccc(CCO)c3)cc2)cc1=O,BACE_1424,0
CCC[C@H]1C(C(=O)N[C@@H](Cc2ccccc2)[C@H](O)C[NH2+]C2CC2)=CN(CC(=O)OC(C)C)C=C1C(=O)OC(C)(C)C,BACE_1425,0
CC(NC(=O)c1cc(C(=O)NCC(O)(CO)Cc2ccccc2)cc(N(C)S(C)(=O)=O)c1)c1ccc(F)cc1,BACE_1426,0
COc1ccc(C2(c3csc(N)n3)CCCC2)cc1,BACE_1427,0
Cn1c(N)nc(C2CC2c2ccc(-c3ccccc3)cc2)cc1=O,BACE_1428,0
COc1cccc(C[NH2+]C[C@@H](O)[C@H](Cc2ccccc2)NC(=O)C2=CN(CC(=O)OC(C)C)C(C)=C(C(C)=O)[C@H]2C)c1,BACE_1429,0
CC(=O)C1=C(C)N(CC(=O)OC(C)C)C(C)=C(C(=O)N[C@@H](Cc2ccccc2)[C@H](O)CNc2cccc(F)c2)[C@@H]1C,BACE_1430,0
CCC[C@@H]1C(C(C)=O)=C(C)N(CC(=O)OC(C)C)C(C)=C1C(=O)N[C@@H](Cc1ccccc1)[C@H](O)CNc1cccc(OC)c1,BACE_1431,0
NC1=NC2(c3cccc(-c4cc(F)cc(Cl)c4)c3)CCCCC2O1,BACE_1432,0
CC(=O)OCCCN1C(C)=C(C(=O)N[C@@H](Cc2ccccc2)[C@H](O)C[NH2+]C2CC2)[C@H](C)C(C(=O)OCc2ccccc2)=C1C,BACE_1433,0
CCC[C@@H]1C(C(C)=O)=C(C)N(CC(=O)OC(C)C)C(C)=C1C(=O)N[C@@H](Cc1ccccc1)[C@H](O)CNc1cccc(F)c1,BACE_1434,0
CC1(C)Cc2ccccc2C(NC(Cc2ccccc2)C(=O)[O-])=N1,BACE_1435,0
NC1=NC2(c3cccc(NC(=O)c4ccc(F)cn4)c3)CCOCC2O1,BACE_1436,0
CC1=C(C(=O)N[C@@H](Cc2ccccc2)[C@H](O)C[NH2+]C2CC2)[C@H](C)C(C(=O)OCc2ccccc2)=C(C)N1CC(=O)N(C)C(C)C,BACE_1437,0
CC1=C(C(=O)N[C@@H](Cc2ccccc2)[C@H](O)C[NH2+]C2CC2)[C@H](C)C(C(=O)OCc2ccccc2)=C(C)N1CC(=O)N1CCOCC1,BACE_1438,0
CC(=O)C1=C(C)N(CC(=O)OC(C)C)C(C)=C(C(=O)N[C@@H](Cc2ccccc2)[C@H](O)C[NH2+]C2CC2)[C@@H]1C,BACE_1439,0
CC(=O)C1=C(C)N(CC(=O)OC(C)C)C=C(C(=O)N[C@@H](Cc2ccccc2)[C@H](O)CNc2cccc(F)c2)[C@@H]1C,BACE_1440,0
O=C(OCc1ccc(Br)cc1)C1CC2(C[NH2+]1)C(=O)Nc1ccccc12,BACE_1441,0
CCC[C@H]1C(C(=O)N[C@@H](Cc2ccccc2)[C@H](O)C[NH2+]C2CC2)=CN(CC(=O)OC(C)C)C=C1C(=O)N[C@H](C)c1ccccc1,BACE_1442,0
CC(NC(=O)c1cc(-c2nnc(C(C)([NH3+])Cc3ccccc3)s2)cc(N(C)S(C)(=O)=O)c1)c1ccc(F)cc1,BACE_1443,0
CC(=O)NC(Cc1cc(F)cc(F)c1)C(O)C[NH2+]C1(c2cccs2)CCCCC1,BACE_1444,0
CN1CC(N)=N[C@@](C)(c2cccc(NC(=O)c3ccc(Cl)cn3)c2)C1=O,BACE_1445,0
CN1C[C@](C)(c2cccc(NC(=O)c3ccc(Cl)cn3)c2)N=C(N)C1=O,BACE_1446,0
CN1C[C@](C)(c2cc(NC(=O)c3ccc(Cl)cn3)ccc2F)N=C(N)C1=O,BACE_1447,0
CC(C)(C)c1cccc([C@@]2(c3ccccc3)[NH+]=C(N)N3CCCN=C32)c1,BACE_1448,0
CCC[C@H]1C(C(=O)N[C@@H](Cc2ccccc2)[C@H](O)CNc2cccc(OC)c2)=CN(CC(=O)OC(C)C)C=C1C(=O)OC(C)(C)C,BACE_1449,0
CCC[C@H]1C(C(=O)N[C@@H](Cc2ccccc2)[C@H](O)CNc2cccc(OC)c2)=CN(CC(=O)OC(C)C)C=C1C(=O)N[C@H](C)c1ccccc1,BACE_1450,0
CC(C)OC(=O)CN1C=C(C(=O)N[C@@H](Cc2ccccc2)[C@H](O)C[NH2+]C2CC2)[C@H](C)C(C(=O)OC(C)(C)C)=C1,BACE_1451,0
COc1ccc(C(Cc2ccccc2)c2csc(N)n2)cc1,BACE_1452,0
CC(C)OC(=O)CN1C=C(C(=O)N[C@@H](Cc2ccccc2)[C@H](O)C[NH2+]C2CC2)[C@H](C)C(C(=O)N[C@H](C)c2ccccc2)=C1,BACE_1453,0
CCC[C@@H]1C(C(C)=O)=C(C)N(CC(=O)OC(C)C)C(C)=C1C(=O)N[C@@H](Cc1ccccc1)[C@H](O)C[NH2+]C1CC1,BACE_1454,0
N#Cc1cccc(-c2cccc(C34CCCCC3OC(N)=N4)c2)c1,BACE_1455,0
Cn1c(N)nc(C2CC2c2ccc(-c3cccc(OCC4CC4)c3)cc2)cc1=O,BACE_1456,0
CCn1ccc2c(N3CCCC3=O)cc(C(=O)NC(Cc3ccccc3)C(O)C[NH2+]C(C)(C)c3cccc(OC)c3)cc21,BACE_1457,0
NC1=NC2(c3cccc(-c4cncnc4)c3)CCCCC2O1,BACE_1458,0
COc1cccc(-c2cccc(C34CCOCC3OC(N)=N4)c2)c1,BACE_1459,0
Nc1nc(C2(c3ccc(Cl)cc3)CCCC2)cs1,BACE_1460,0
CCCCn1cc(C(=O)NC(Cc2ccccc2)C(O)C[NH2+]Cc2cccc(OC)c2)c2ccccc21,BACE_1461,0
COc1cccc(-c2cccc(C34CCCCC3OC(N)=N4)c2)c1,BACE_1462,0
Cc1nc(C(=O)Nc2cccc(C34CCOCC3OC(N)=N4)c2)co1,BACE_1463,0
CC1=C(C(=O)N[C@@H](Cc2ccccc2)[C@H](O)C[NH2+]C2CC2)[C@@H](C)C(C(=O)OCc2ccccc2)=C(C)N1CC(=O)N(C)C,BACE_1464,0
Cc1ccccc1-c1ccc(C2CC2c2cc(=O)n(C)c(N)n2)cc1,BACE_1465,0
CC([NH2+]CC(O)C(Cc1ccccc1)NC(=O)c1cccc(S(=O)(=O)N(C)Cc2ccccc2)c1)C(=O)NC1CCCCC1,BACE_1466,0
NC1=NC2(c3cccc(NC(=O)c4ccc(Cl)cn4)c3)CC2CCS1,BACE_1467,0
CC(=O)NC(Cc1cc(F)cc(F)c1)C(O)C[NH2+]C1(c2nc(C(C)(C)C)co2)CC1,BACE_1468,0
CC([NH2+]CC(O)C(Cc1ccccc1)NC(=O)c1cccc(CS(=O)(=O)c2ccccc2)c1)C(=O)NC1CCCCC1,BACE_1469,0
COc1ccc([C@@]2(C34CC5CC(CC(C5)C3)C4)N=C(N)N(C)C2=O)cc1C,BACE_1470,0
NC1=NC2(c3cccc(-c4cncc(Cl)c4)c3)CCOCC2O1,BACE_1471,0
N#Cc1cccc(-c2cccc(C34CCOCC3OC(N)=N4)c2)c1,BACE_1472,0
Cn1c(N)nc(C2CC2c2ccc(-c3ccsc3)cc2)cc1=O,BACE_1473,0
NC1=NC2(c3cccc(-c4cccnc4F)c3)CCCCC2O1,BACE_1474,0
O=C(C1C[NH2+]CC1c1ccccc1Br)N1CCOCC1c1ccccc1,BACE_1475,0
CCCCNC(=O)NCc1ccc(CN2C(=N)NC(CCc3ccccc3)(CC(C)C)C2=O)cc1,BACE_1476,0
CC([NH2+]CC(O)C(Cc1ccccc1)NC(=O)c1cccc(S(=O)(=O)Cc2ccccc2)c1)C(=O)NC1CCCCC1,BACE_1477,0
Cc1csc(-c2ccc(C3CC3c3cc(=O)n(C)c(N)n3)cc2)c1,BACE_1478,0
COc1cccc(-c2ccc(C3CC3c3cc(=O)n(C)c(N)n3)cc2)n1,BACE_1479,0
CC(C)CC(CC(=O)NCc1cccc(F)c1)n1c(N)nc2cc(Cl)ccc21,BACE_1480,0
CC(C)Oc1cccc(-c2ccc(C3CC3c3cc(=O)n(C)c(N)n3)cc2)c1,BACE_1481,0
O=C(C1C[NH2+]CC1c1ccccc1Br)N1CCCCC1c1ccccc1,BACE_1482,0
CN(CC1CCCCC1)C(=O)CCCn1c(N)nc2cc(Cl)ccc21,BACE_1483,0
Cn1c(N)nc(C2CC2c2ccc(-c3ccco3)cc2)cc1=O,BACE_1484,0
Cn1c(N)nc(C2CC2c2ccc(-c3cccc(C(N)=O)c3)cc2)cc1=O,BACE_1485,0
O=S1(=O)CC(Cc2ccc(O)c(Br)c2)C(O)C([NH2+]Cc2ccccc2)C1,BACE_1486,0
CC(=O)Nc1cccc(-c2ccc(C3CC3c3cc(=O)n(C)c(N)n3)cc2)c1,BACE_1487,0
CC(NC(=O)c1cc(OCCC([NH3+])(CO)Cc2ccccc2)cc(N(C)S(C)(=O)=O)c1)c1ccc(F)cc1,BACE_1488,0
CCC(CC(=O)NCc1ccccc1)n1c(N)nc2cc(Cl)ccc21,BACE_1489,0
CC1(C)Cc2cc(Cl)ccc2C(NC(Cc2ccccc2)c2ncc3ccoc3n2)=N1,BACE_1490,0
CCC(CC(=O)NC(COC(C)(C)C)C(=O)OC)n1c(N)nc2cc(Cl)ccc21,BACE_1491,0
Nc1nc2cc(Cl)ccc2n1CCCC(=O)NCC1CCCCC1,BACE_1492,0
CC(=O)N1CCC(OC(=O)C2CC3(C[NH2+]2)C(=O)Nc2ccccc23)CC1,BACE_1493,0
CCC(CC(=O)NC(COC(C)(C)C)C(=O)[O-])n1c(N)nc2cc(Cl)ccc21,BACE_1494,0
CCC(CC(=O)NCCC(C)(C)C)n1c(N)nc2cc(Cl)ccc21,BACE_1495,0
COc1cccc(C[NH+]2CCC3(CNS(=O)(=O)N3c3cccc(F)c3)CC2C)c1,BACE_1496,0
C[NH2+]C(CO)(COC(=O)c1cc(C(=O)NC(C)c2ccc(F)cc2)cc(N(C)S(C)(=O)=O)c1)Cc1ccccc1,BACE_1497,0
CC(NC(=O)c1cc(NCCC([NH3+])(CO)Cc2ccccc2)cc(N(C)S(C)(=O)=O)c1)c1ccc(F)cc1,BACE_1498,0
CC(NC(=O)c1cc(SCCC([NH3+])(CO)Cc2ccccc2)cc(N(C)S(C)(=O)=O)c1)c1ccc(F)cc1,BACE_1499,0
CC(NC(=O)c1cc(N(C)S(C)(=O)=O)cc(S(=O)(=O)CCC([NH3+])(CO)Cc2ccccc2)c1)c1ccc(F)cc1,BACE_1500,0
COCC([NH3+])(COCc1cc(C(=O)NC(C)c2ccc(F)cc2)cc(N(C)S(C)(=O)=O)c1)Cc1ccccc1,BACE_1501,0
CCCCN(C)C(=O)n1cc(C(=O)NC(Cc2ccccc2)C(O)CNC(=O)c2cccc(OC)c2)c2cccnc21,BACE_1502,0
CCCCN(C)C(=O)n1cc(C(=O)NC(Cc2ccccc2)C(O)CNS(=O)(=O)c2cccc(OC)c2)c2cccnc21,BACE_1503,0
CCCCN(C)C(=O)n1cc(C(=O)NC(Cc2ccccc2)C(O)C[NH2+]C2CC2)c2cccnc21,BACE_1504,0
[NH3+]C1CS(=O)(=O)CC(Cc2ccc(O)c(Br)c2)C1O,BACE_1505,0
CC(C)C1=NC(C)(c2cccc(-c3cccnc3)c2)N=C1N,BACE_1506,0
COc1cc(-c2ccc(C3CC3c3cc(=O)n(C)c(N)n3)cc2)ccn1,BACE_1507,0
Cc1ccc(-c2ccc(C3CC3c3cc(=O)n(C)c(N)n3)cc2)cc1,BACE_1508,0
CN1C(=O)CC(C)([C@H]2C[C@@H]2c2ccccc2)N=C1N,BACE_1509,0
CC1(C)Cc2cc(Cl)ccc2C(NC(Cc2ccccc2)c2ncccn2)=N1,BACE_1510,0
CC(=O)NC(Cc1cc(F)cc(F)c1)C(O)C[NH2+]C1(c2nc(C(C)(C)C)co2)CCCCC1,BACE_1511,0
COCC(Oc1cc(CC2C[S+]([O-])CC([NH3+])C2O)cc(F)c1N)C(F)(F)F,BACE_1512,0
Cc1ccc(-c2ccc(C3CC3c3cc(=O)n(C)c(N)n3)cc2)s1,BACE_1513,0
Cn1c(N)nc(CCc2ccccc2)cc1=O,BACE_1515,0
CC1(C)Cc2cc(Cl)ccc2C(NC(Cc2ccccc2)c2nnco2)=N1,BACE_1516,0
CC(C)NC(=O)CCCn1c(N)nc2cc(Cl)ccc21,BACE_1517,0
CN(Cc1cccc(F)c1)C(=O)CCCn1c(N)nc2cc(Cl)ccc21,BACE_1518,0
Cn1c(N)nc(CCc2ccc(-c3ccccc3)cc2)cc1=O,BACE_1519,0
NC1=NC2(c3cccc(NC(=O)c4ccccn4)c3)CCOCC2O1,BACE_1520,0
NC1=NC2(c3cccc(Br)c3)CCCCC2O1,BACE_1521,0
NC1=NC2(c3cccc(NC(=O)c4ccccn4)c3)CCCCC2O1,BACE_1522,0
CN1C(=O)C[C@](C)(CCc2ccccc2)N=C1N,BACE_1523,0
Nc1nc(C2(c3ccccc3)CCCC2)cs1,BACE_1524,0
CC(C)CC(CC(=O)NCc1ccccn1)n1c(N)nc2cc(Cl)ccc21,BACE_1525,0
CCC(CC(=O)NCC1CC1)n1c(N)nc2cc(Cl)ccc21,BACE_1526,0
CC(C)CC(CC(=O)NC(C)C)n1c(N)nc2cc(Cl)ccc21,BACE_1527,0
Nc1nc2cc(Cl)ccc2n1CCCC(=O)NCc1cccc(F)c1,BACE_1528,0
Cc1ccnc(C(Cc2ccccc2)NC2=NC(C)(C)Cc3cc(Cl)ccc32)n1,BACE_1529,0
CCC(CC(=O)NCc1ccc(F)cc1)n1c(N)nc2cc(Cl)ccc21,BACE_1530,0
CCC(CC(=O)NCCC1CC[NH2+]C1)n1c(N)nc2cc(Cl)ccc21,BACE_1531,0
C[NH+]1CCC(NC(=O)CCCn2c(N)nc3cc(Cl)ccc32)CC1,BACE_1532,0
Cc1nnc(C(Cc2ccccc2)NC2=NC(C)(C)Cc3cc(Cl)ccc32)o1,BACE_1533,0
CCC(CC(=O)NCc1cccc(F)c1)n1c(N)nc2cc(Cl)ccc21,BACE_1534,0
CCC(CC(=O)N(C)CC1CCCCC1)n1c(N)nc2cc(Cl)ccc21,BACE_1535,0
Nc1nc2cc(Cl)ccc2n1CCCC(=O)NCc1ccccn1,BACE_1536,0
CCC(CC(=O)NCC[NH+]1CCOCC1)n1c(N)nc2cc(Cl)ccc21,BACE_1537,0
Nc1nc2cc(Cl)ccc2n1CCCC(=O)NCCC1CC[NH2+]C1,BACE_1538,0
CC1(C)Cc2ccccc2C(NC(Cc2ccccc2)c2nnn[nH]2)=N1,BACE_1539,0
CCC(CC(=O)NC(C)C)n1c(N)nc2cc(Cl)ccc21,BACE_1540,0
Nc1nc2cc(Cl)ccc2[nH]1,BACE_1541,0
Nc1nc2cc(Cl)ccc2n1CCCC(=O)NCC[NH+]1CCOCC1,BACE_1542,0
CCC(CC(=O)NCC1CCOCC1)n1c(N)nc2cc(Cl)ccc21,BACE_1543,0
CCC(CC(=O)NCc1ccccn1)n1c(N)nc2cc(Cl)ccc21,BACE_1544,0
Cn1c(N)nc(C2CC2c2cccc(Br)c2)cc1=O,BACE_1545,0
Cn1c(N)nc(C2CC2c2cccc(-c3ccccc3)c2)cc1=O,BACE_1546,0
Nc1nc2cc(Cl)ccc2n1CCCC(=O)NCC1CC1,BACE_1547,0
