smiles,target
CC(N)Cc1ccccc1,2.1162555148025524
O=C(O)CCCc1ccc(N(CCCl)CCCl)cc1,0.7419373447293773
CCN(CC)CCNC(=O)c1ccc(NC(C)=O)cc1,2.001480000210124
CN(C)C(=O)Oc1cc(OC(=O)N(C)C)cc(C(O)CNC(C)(C)C)c1,1.2809338454620642
C#CCN(C)[C@H](C)Cc1ccccc1,0.832909122935104
CN(C)C(=O)Oc1cccc([N+](C)(C)C)c1.[Br-],0.832909122935104
Nc1ccc(O)c(C(=O)O)c1,0.47623417899637155
CCNCC(O)c1cccc(O)c1,1.1631508098056809
CCOc1ccc(NC(C)=O)cc1,0.6523251860396901
C=CCc1ccccc1OCC(O)CNC(C)C,1.252762968495368
CC(=O)Nc1ccc(O)cc1,1.252762968495368
C[C@H](O)C(=O)Nc1c(I)c(C(=O)NC(CO)CO)c(I)c(C(=O)NC(CO)CO)c1I,1.1314021114911006
O=C(O)CCNC(=O)c1ccccc1,0.4637340162321401
CC(C)NCC(O)c1ccc(O)c(O)c1,0.34358970439007686
CC(C)c1cccc(C(C)C)c1O,1.4350845252893225
CC(C)NCC(O)c1ccc(NS(C)(=O)=O)cc1,1.9878743481543453
C[C@](N)(Cc1ccc(O)c(O)c1)C(=O)O,1.9315214116032138
CCCCCCCN(CC)CCCC(O)c1ccc(NS(C)(=O)=O)cc1,2.0794415416798357
CC(C)NCC(O)COc1ccc(COCCOC(C)C)cc1,2.3978952727983707
CCCCNC(=O)NS(=O)(=O)c1ccc(C)cc1,2.0794415416798357
CCCN(CCC)S(=O)(=O)c1ccc(C(=O)O)cc1,1.9315214116032138
CC(=O)N(CC(O)CO)c1c(I)c(C(=O)NCC(O)CO)c(I)c(C(=O)NCC(O)CO)c1I,0.916290731874155
CCN(CC)C(=O)/C(C#N)=C/c1cc(O)c(O)c([N+](=O)[O-])c1,1.2237754316221157
CC(C)Cc1ccc(C(C)C(=O)O)cc1,0.9555114450274363
CCN(CC)CC(=O)Nc1c(C)cccc1C,0.9555114450274363
C=C(CC)C(=O)c1ccc(OCC(=O)O)c(Cl)c1Cl,0.4054651081081644
Cc1cccc(C)c1NC(=O)NCCCNC(C)C,1.791759469228055
N[C@@H](Cc1ccc(O)c(O)c1)C(=O)O,0.832909122935104
N[C@@H](Cc1ccc(N(CCCl)CCCl)cc1)C(=O)O,0.6931471805599453
CC(=O)Nc1c(I)c(C(=O)O)c(I)c(N(C)C(C)=O)c1I,0.832909122935104
Cc1cccc(C)c1OCC(C)N,2.388762789235098
CCN(C)C(=O)Oc1cccc([C@H](C)N(C)C)c1,0.8754687373538999
COC(=O)CCc1ccc(OCC(O)CNC(C)C)cc1,0.1397619423751587
CNC(=O)c1c(I)c(NC(C)=O)c(I)c(C(=O)O)c1I,0.832909122935104
CN[C@@H](C)Cc1ccccc1,2.5649493574615367
Cc1cccc(C)c1NC(=O)C(C)N,2.5649493574615367
CN(C)/N=N/c1ccc(C(=O)O)cc1,1.252762968495368
CCN[C@@H](C)Cc1cccc(C(F)(F)F)c1,2.70805020110221
CCCNC(=O)NS(=O)(=O)c1ccc(Cl)cc1,3.8501476017100584
CC(C)NCC(O)COc1ccc(CC(N)=O)cc1,1.9600947840472696
COCC(=O)Nc1c(I)c(C(=O)NCC(O)CO)c(I)c(C(=O)N(C)CC(O)CO)c1I,1.2809338454620642
COCCc1ccc(OCC(O)CNC(C)C)cc1,1.5260563034950492
O=C(N[C@H](CO)[C@H](O)c1ccc([N+](=O)[O-])cc1)C(Cl)Cl,1.7227665977411033
CC(=O)Oc1ccccc1C(=O)O,0.2311117209633866
CC(=O)Nc1c(I)c(NC(C)=O)c(I)c(C(=O)O)c1I,1.0296194171811581
CC(C)(C)NCC(O)c1ccc(O)c(CO)c1,1.2237754316221157
N=C(N)NC(=O)Cc1c(Cl)cccc1Cl,2.772588722239781
CCCCCN(CCCOC)C(=O)C(CCC(=O)O)NC(=O)c1ccc(Cl)c(Cl)c1,1.8245492920510458
CC(C)(C)NCC(O)c1cc(O)cc(O)c1,2.772588722239781
CCN(CC)CCNC(=O)c1cc(Br)c(N)cc1OC,1.3609765531356006
CCN(CC)CCNC(=O)c1cc(Cl)c(N)cc1OC,2.1041341542702074
CCN(CC)CCNC(=O)c1ccc(N)cc1,1.410986973710262
CCCC(=O)Nc1ccc(OCC(O)CNC(C)C)c(C(C)=O)c1,1.504077396776274
CC[N+](C)(C)c1cccc(O)c1.[Br-],1.0296194171811581
CCCNC(C)C(=O)Nc1ccccc1C,1.0296194171811581
O=C(CCCCCCC(=O)Nc1ccccc1)NO,0.5653138090500605
CCCCCN(CCCOC)C(=O)[C@@H](CCC(=O)O)NC(=O)c1ccc(Cl)c(Cl)c1,0.7884573603642702
CCN(CC)CCNC(=O)c1ccc(NS(C)(=O)=O)cc1,1.5686159179138452
N=C(N)NCCCC[C@@H]1NC(=O)CCSSC[C@@H](C(N)=O)NC(=O)[C@@H]2CCCN2C(=O)[C@H](Cc2c[nH]c3ccccc23)NC(=O)[C@H](CC(=O)O)NC(=O)CNC1=O,1.6486586255873816
CN(C)[C@@H]1C(O)=C(C(N)=O)C(=O)[C@@]2(O)C(O)=C3C(=O)c4c(O)ccc(Cl)c4[C@@H](O)[C@H]3C[C@@H]12,2.5649493574615367
CN(C)c1cc(NC(=O)CNC(C)(C)C)c(O)c2c1C[C@H]1C[C@H]3[C@H](N(C)C)C(O)=C(C(N)=O)C(=O)[C@@]3(O)C(O)=C1C2=O,3.8918202981106265
C[C@H]1c2cccc(O)c2C(=O)C2=C(O)[C@]3(O)C(=O)C(C(N)=O)=C(O)[C@@H](N(C)C)[C@@H]3[C@@H](O)[C@@H]21,2.70805020110221
CN(C)c1ccc(O)c2c1C[C@H]1C[C@H]3[C@H](N(C)C)C(O)=C(C(N)=O)C(=O)[C@@]3(O)C(O)=C1C2=O,2.8903717578961645
CN(C)[C@@H]1C(O)=C(C(N)=O)C(=O)[C@@]2(O)C(O)=C3C(=O)c4c(O)cccc4[C@@](C)(O)[C@H]3C[C@@H]12,2.341805806147327
CN(C)[C@@H]1C(O)=C(C(N)=O)C(=O)[C@@]2(O)C(O)=C3C(=O)c4c(O)cccc4[C@@](C)(O)[C@H]3[C@H](O)[C@@H]12,2.3978952727983707
CN(C)[C@@H]1C(O)=C(C(N)=O)C(=O)[C@@]2(O)C(O)=C3C(=O)c4c(O)ccc(Cl)c4[C@@](C)(O)[C@H]3C[C@@H]12,2.0794415416798357
Cc1cnc(NC(=O)C2=C(O)c3ccccc3S(=O)(=O)N2C)s1,2.9444389791664403
CN[C@H](CC(C)C)C(=O)N[C@H]1C(=O)N[C@@H](CC(N)=O)C(=O)N[C@H]2C(=O)N[C@H]3C(=O)N[C@H](C(=O)N[C@H](C(=O)O)c4cc(O)cc(O)c4-c4cc3ccc4O)[C@H](O)c3ccc(c(Cl)c3)Oc3cc2cc(c3O[C@@H]2O[C@H](CO)[C@@H](O)[C@H](O)[C@H]2O[C@H]2C[C@](C)(N)[C@H](O)[C@H](C)O2)Oc2ccc(cc2Cl)[C@H]1O,2.0149030205422647
CCCCCCCCCCNCCN[C@@]1(C)C[C@H](O[C@H]2[C@H](Oc3c4cc5cc3Oc3ccc(cc3Cl)[C@@H](O)[C@@H](NC(=O)[C@@H](CC(C)C)NC)C(=O)N[C@@H](CC(N)=O)C(=O)N[C@H]5C(=O)N[C@H]3C(=O)N[C@H](C(=O)N[C@H](C(=O)O)c5cc(O)c(CNCP(=O)(O)O)c(O)c5-c5cc3ccc5O)[C@H](O)c3ccc(c(Cl)c3)O4)O[C@H](CO)[C@@H](O)[C@@H]2O)O[C@@H](C)[C@H]1O,2.0412203288596382
COc1ccccc1Oc1c(NS(=O)(=O)c2ccc(C(C)(C)C)cc2)nc(-c2ncccn2)nc1OCCO,1.62924053973028
Cc1ccsc1C(=CCCN1CCC[C@@H](C(=O)O)C1)c1sccc1C,2.3978952727983707
COc1nc(C)nc(Cl)c1NC1=NCCN1,1.1631508098056809
Cc1ncc2n1-c1ccc(Cl)cc1C(c1ccccc1F)=NC2,1.410986973710262
CN(C)CCc1c[nH]c2ccc(CS(=O)(=O)N3CCCC3)cc12,1.4816045409242153
COc1ccc(Cl)cc1C(=O)NCCc1ccc(S(=O)(=O)NC(=O)NC2CCCCC2)cc1,1.1631508098056809
C#C[C@]1(O)C=C[C@H]2[C@@H]3CCC4=CC(=O)CC[C@@H]4[C@H]3CC[C@@]21CC,2.3978952727983707
Cc1cc(O)c2c(=O)c3c(O)cc(O)c4c5c(O)cc(O)c6c(=O)c7c(O)cc(C)c8c1c2c(c34)c(c78)c65,3.7612001156935624
Cc1cc(O)c2c(=O)c3c(O)cc(O)c4c5c(O)cc(O)c6c(=O)c7c(O)cc(CO)c8c1c2c(c34)c(c65)c78,3.044522437723423
CCN(C(C)=O)c1cccc(-c2ccnc3c(C#N)cnn23)c1,0.7419373447293773
CC(=O)[C@H]1CC[C@H]2[C@@H]3CC[C@@H]4C[C@H](O)CC[C@]4(C)[C@H]3CC[C@]12C,1.7404661748405044
CC(C)[C@@H](CC[C@@H](C)[C@H]1CC[C@H]2[C@@H]3[C@H](O)C[C@H]4C[C@@H](NCCCNCCCCN)CC[C@]4(C)[C@H]3CC[C@]12C)OS(=O)(=O)O,2.3513752571634776
CCc1c2c(nc3ccc(OC(=O)N4CCC(N5CCCCC5)CC4)cc13)-c1cc3c(c(=O)n1C2)COC(=O)[C@]3(O)CC,2.3025850929940455
C[C@H](/C=C/[C@H](C)C(C)(C)O)[C@H]1CC[C@H]2/C(=C/C=C3C[C@@H](O)C[C@H](O)C3)CCC[C@]12C,1.840549633397487
O=C1CN=C(c2ccccn2)c2cc(Br)ccc2N1,3.0910424533583156
CN(C)CCC=C1c2ccccc2CCc2ccccc21,2.8903717578961645
CNCCC=C1c2ccccc2CCc2ccccc21,3.4339872044851463
O=C(O)c1cc(/N=N/c2ccc(O)c(C(=O)O)c2)ccc1O,0.6418538861723948
CC(C)c1nc(N(C)S(C)(=O)=O)nc(-c2ccc(F)cc2)c1/C=C/[C@@H](O)C[C@@H](O)CC(=O)O,1.0986122886681096
Nc1nc(NC2CC2)c2ncn([C@H]3C=C[C@@H](CO)C3)c2n1,0.6931471805599453
CC1(C)[C@H](C(=O)O)N2C(=O)C[C@H]2S1(=O)=O,0.7419373447293773
O=C(c1ccccc1)c1ccc2n1CCC2C(=O)O,1.8082887711792655
CC1(C)C[C@@H]1C(=O)N/C(=C\CCCCSC[C@H](N)C(=O)O)C(=O)O,0.6205764877251099
CC1=C(C(=O)O)N2C(=O)[C@@H](NC(=O)[C@H](N)c3ccccc3)[C@H]2SC1,0.4510756193602166
CC1=C(C(=O)O)N2C(=O)[C@@H](NC(=O)[C@H](N)c3ccc(O)cc3)[C@H]2SC1,0.7419373447293773
CC=CC1=C(C(=O)O)N2C(=O)[C@@H](NC(=O)[C@H](N)c3ccc(O)cc3)[C@H]2SC1,0.7884573603642702
C[C@@H](O)[C@H]1C(=O)N2C(C(=O)O)=C(S[C@H]3C[C@@H](C(=O)N4CC[C@H](NC(=O)CNC(=N)N)C4)N(C)C3)[C@H](C)[C@H]12,0.9932517730102833
C[C@]12C=CC(=O)C=C1CC[C@@H]1[C@@H]2C(=O)C[C@@]2(C)[C@H]1CC[C@]2(O)C(=O)CO,1.3609765531356006
CN1CCN2c3ncccc3Cc3ccccc3C2C1,2.772588722239781
CN[C@@H]1CCc2[nH]c3ccc(C(N)=O)cc3c2C1,3.2188758248682006
O=C(O)Cn1c(=O)c(=O)[nH]c2cc([N+](=O)[O-])c(-n3ccnc3)cc21,0.5766133643039938
CCCC(=O)N1CCCN(c2nc(N)c3cc(OC)c(OC)cc3n2)CC1,1.0986122886681096
Nc1ncn([C@H]2C[C@H](O)[C@@H](CO)O2)c(=O)n1,0.45742484703887537
Nc1ncn([C@@H]2O[C@H](CO)[C@@H](O)[C@H]2O)c(=O)n1,0.3074846997479606
CC(=O)O[C@H]1C[C@@H]2CC[C@@H]3[C@H](CC[C@@]4(C)[C@H]3C[C@H]([N+]3(C)CCCCC3)[C@@H]4OC(C)=O)[C@@]2(C)C[C@@H]1N1CCCCC1.[Br-],0.8754687373538999
CCCCc1ncc(/C=C(\Cc2cccs2)C(=O)O)n1Cc1ccc(C(=O)O)cc1,1.1314021114911006
C/C(=C\c1csc(C)n1)[C@@H]1C[C@@H]2O[C@]2(C)CCC[C@H](C)[C@H](O)[C@@H](C)C(=O)C(C)(C)[C@@H](O)CC(=O)N1,2.8903717578961645
CNC1=Nc2ccc(Cl)cc2C(c2ccccc2)=[N+]([O-])C1,2.2300144001592104
Clc1cccc(N2CCNCC2)c1,1.7404661748405044
C=C[C@@]1(O)C[N+]2(C)CC[C@H]1C[C@@H]2[C@@H](O)c1ccnc2ccc(OC)cc12,2.0412203288596382
O=C(NC1CCN(CCc2c[nH]c3ccccc23)CC1)c1ccccc1,1.667706820558076
CCC(=O)O[C@]1(C(=O)SCF)[C@H](C)C[C@H]2[C@@H]3C[C@H](F)C4=CC(=O)C=C[C@]4(C)[C@@]3(F)[C@@H](O)C[C@@]21C,1.9459101490553132
C[C@H]1C[C@H]2[C@@H]3CCC4=CC(=O)C=C[C@]4(C)[C@@]3(F)[C@@H](O)C[C@]2(C)[C@@]1(O)C(=O)CO,1.8870696490323797
CCC(=O)OCC(=O)[C@@]1(OC(=O)CC)[C@@H](C)C[C@H]2[C@@H]3CCC4=CC(=O)C=C[C@]4(C)[C@@]3(Cl)[C@@H](O)C[C@@]21C,0.4054651081081644
C[C@@H]1C[C@H]2[C@@H]3CCC4=CC(=O)C=C[C@]4(C)[C@@]3(F)[C@@H](O)C[C@]2(C)[C@@]1(O)C(=O)CO,1.547562508716013
C[C@H]1C[C@@H]2[C@H]([C@@H](O)C[C@@]3(C)[C@H]2CC[C@]3(O)C(=O)CO)[C@@]2(C)C=CC(=O)C=C12,1.1939224684724343
C[C@]12C=CC(=O)C=C1CC[C@@H]1[C@@H]2[C@@H](O)C[C@@]2(C)[C@H]1CC[C@]2(O)C(=O)CO,1.4816045409242153
CC(C)n1c(/C=C/C(O)CC(O)CC(=O)O)c(-c2ccc(F)cc2)c2ccccc21,0.5306282510621704
COc1ccc(CCN(C)CCCC(C#N)(c2ccc(OC)c(OC)c2)C(C)C)cc1OC,1.33500106673234
CCCc1nc(C)c2c(=O)nc(-c3cc(S(=O)(=O)N4CCN(CC)CC4)ccc3OCC)[nH]n12,1.7047480922384253
CCC1(c2ccccc2)C(=O)NC(=O)NC1=O,4.605170185988091
Cc1cn([C@H]2C=C[C@@H](CO)O2)c(=O)[nH]c1=O,0.8754687373538999
O=C1CN(/N=C/c2ccc(-c3ccc([N+](=O)[O-])cc3)o2)C(=O)N1,2.3978952727983707
Fc1ccc([C@@H]2CCNC[C@H]2COc2ccc3c(c2)OCO3)cc1,2.6390573296152584
CN1CCCC(n2nc(Cc3ccc(Cl)cc3)c3ccccc3c2=O)CC1,3.1354942159291497
N#Cc1ccc(C(c2ccc(C#N)cc2)n2cncn2)cc1,3.828641396489095
CCC(CC)O[C@@H]1C=C(C(=O)O)C[C@H](N)[C@H]1NC(C)=O,1.0296194171811581
CC[C@]1(O)C[C@@H]2CN(CCc3c([nH]c4ccccc34)[C@@](C(=O)OC)(c3cc4c(cc3OC)N(C)[C@H]3[C@@](O)(C(=O)OC)[C@H](OC(C)=O)[C@]5(CC)C=CCN6CC[C@]43[C@@H]65)C2)C1,4.219507705176107
CC[C@]1(O)C[C@@H]2CN(CCc3c([nH]c4ccccc34)[C@@](C(=O)OC)(c3cc4c(cc3OC)N(C)[C@H]3[C@@](O)(C(N)=O)[C@H](O)[C@]5(CC)C=CCN6CC[C@]43[C@@H]65)C2)C1,3.58351893845611
CC[C@]1(O)C[C@H]2CN(CCc3c([nH]c4ccccc34)[C@@](C(=O)OC)(c3cc4c(cc3OC)N(C=O)[C@H]3[C@@](O)(C(=O)OC)[C@H](OC(C)=O)[C@]5(CC)C=CCN6CC[C@]43[C@@H]65)C2)C1,3.1780538303479453
COc1ccccc1OCCNCC(O)COc1cccc2[nH]c3ccccc3c12,1.2237754316221157
C=C1CC[C@@]2(O)[C@H]3Cc4ccc(O)c5c4[C@@]2(CCN3CC2CC2)[C@H]1O5,2.2823823856765264
CCN1C[C@H]2CN(C)C[C@H](C1)C2OC(=O)c1ccc(Cl)cc1,2.2617630984737906
OCCN1C[C@H](O)[C@@H](O)[C@H](O)[C@H]1CO,1.1939224684724343
CO[C@@]12CC[C@@]3(C[C@@H]1[C@](C)(O)C(C)(C)C)[C@H]1Cc4ccc(O)c5c4[C@@]3(CCN1CC1CC1)[C@H]2O5,1.4350845252893225
CC(CCc1ccc2c(c1)OCO2)NCC(O)c1ccc(O)c(C(N)=O)c1,2.4849066497880004
C[C@@H](O)[C@H]1C(=O)N2C(C(=O)O)=C(S[C@@H]3CN[C@H](C(=O)N(C)C)C3)[C@H](C)[C@H]12,0.6931471805599453
CC(=N)N1CC[C@H](SC2=C(C(=O)O)N3C(=O)[C@H]([C@@H](C)O)[C@H]3C2)C1,0.6729444732424258
NS(=O)(=O)c1cc(C2(O)NC(=O)c3ccccc32)ccc1Cl,3.6109179126442243
Cc1[nH]c(=O)c(C#N)cc1-c1ccncc1,0.5877866649021191
Nc1cc(-c2ccncc2)c[nH]c1=O,1.0986122886681096
NC[C@H]1O[C@H](O[C@H]2[C@H](O)[C@@H](O[C@H]3O[C@H](CO)[C@@H](O)[C@H](N)[C@H]3O)[C@H](N)C[C@@H]2N)[C@H](N)C[C@@H]1O,1.0986122886681096
CN[C@@H]1[C@@H](O)[C@@H](O[C@@H]2[C@@H](O)[C@H](O[C@H]3O[C@H](CN)[C@@H](O)[C@H](O)[C@H]3O)[C@@H](N)C[C@H]2NC(=O)[C@@H](O)CN)OC[C@]1(C)O,3.2188758248682006
NCC[C@H](O)C(=O)N[C@@H]1C[C@H](N)[C@@H](O[C@H]2O[C@H](CN)[C@@H](O)[C@H](O)[C@H]2O)[C@H](O)[C@H]1O[C@H]1O[C@H](CO)[C@@H](O)[C@H](N)[C@H]1O,1.2237754316221157
NC[C@H]1O[C@H](O[C@H]2[C@H](O)[C@@H](O[C@H]3O[C@H](CO)[C@@H](O)[C@H](N)[C@H]3O)[C@H](N)C[C@@H]2N)[C@H](O)[C@@H](O)[C@@H]1O,1.1314021114911006
NC[C@@H]1CC[C@@H](N)[C@@H](O[C@H]2[C@H](O)[C@@H](O[C@H]3O[C@H](CO)[C@@H](O)[C@H](N)[C@H]3O)[C@H](N)C[C@@H]2N)O1,1.2237754316221157
O=c1[nH]cnc2c1ncn2[C@H]1CC[C@@H](CO)O1,0.8754687373538999
CN1CCN(C2=Nc3cc(Cl)ccc3Nc3ccccc32)CC1,2.3978952727983707
Cc1nc2n(c(=O)c1CCN1CCC(c3noc4cc(F)ccc34)CC1)CCCC2,1.4350845252893225
CN1CCOC(c2ccccc2)c2ccccc2C1,1.791759469228055
Cc1ccc(-c2ncc(Cl)cc2-c2ccc(S(C)(=O)=O)cc2)cn1,3.295836866004329
CNC(C)[C@@H]1CC[C@@H](N)[C@@H](O[C@H]2[C@H](O)[C@@H](O[C@H]3OC[C@](C)(O)[C@H](NC)[C@H]3O)[C@H](N)C[C@@H]2N)O1.CN[C@@H]1[C@@H](O)[C@@H](O[C@@H]2[C@@H](O)[C@H](O[C@H]3O[C@H](C(C)N)CC[C@H]3N)[C@@H](N)C[C@H]2N)OC[C@]1(C)O.CN[C@@H]1[C@@H](O)[C@@H](O[C@@H]2[C@@H](O)[C@H](O[C@H]3O[C@H](CN)CC[C@H]3N)[C@@H](N)C[C@H]2N)OC[C@]1(C)O,1.7404661748405044
OC(CNCC(O)C1CCc2cc(F)ccc2O1)C1CCc2cc(F)ccc2O1,2.3978952727983707
CCOc1ccccc1OC(c1ccccc1)C1CNCCO1,2.3978952727983707
C[C@@H]1O[C@@H](O[C@@H]2[C@H](C)O[C@@H](O[C@H]3C[C@](O)(C(=O)CO)Cc4c(O)c5c(c(O)c43)C(=O)c3ccccc3C5=O)C[C@@H]2O)C[C@H](N)[C@@H]1O,3.0910424533583156
Cn1nnc2c(C(N)=O)ncn2c1=O,0.916290731874155
CO[C@H]1C[C@@H]2CC[C@@H](C)[C@@](O)(O2)C(=O)C(=O)N2CCCC[C@H]2C(=O)O[C@H]([C@H](C)C[C@@H]2CC[C@@H](OC(=O)C(C)(CO)CO)[C@H](OC)C2)CC(=O)[C@H](C)/C=C(\C)[C@@H](O)[C@@H](OC)C(=O)[C@H](C)C[C@H](C)/C=C/C=C/C=C/1C,2.9444389791664403
CC1(C)C(/C=C/C=C/C=C/C=C2\N(CCCCS(=O)(=O)[O-])c3ccc4ccccc4c3C2(C)C)=[N+](CCCCS(=O)(=O)[O-])c2ccc3ccccc3c21.[Na+],0.06297479916138844
CCOC(=O)C1(c2ccccc2)CCC=CC1N(C)C,1.791759469228055
CCOC(=O)[C@]1(c2ccccc2)CCC=C[C@H]1NC,1.6863989535702286
N#CC(CCN1CCC(C(N)=O)(N2CCCCC2)CC1)(c1ccccc1)c1ccccc1,2.197224577336219
CO/N=C(\C(=O)N[C@@H]1C(=O)N2C(C(=O)O)=C(CSc3nc(=O)c(O)nn3C)CS[C@H]12)c1csc(N)n1,2.2617630984737906
COc1ccnc(C[S+]([O-])c2nc3cc(OC(F)F)ccc3[nH]2)c1OC,1.0647107369924282
COc1ccc2[nH]c([S+]([O-])Cc3ncc(C)c(OC)c3C)nc2c1,0.45742484703887537
Cc1c(OCC(F)(F)F)ccnc1C[S+]([O-])c1nc2ccccc2[nH]1,0.6931471805599453
COCCCOc1ccnc(C[S+]([O-])c2nc3ccccc3[nH]2)c1C,0.6931471805599453
CC1(C)S[C@@H]2[C@H](NC(=O)[C@H](N)c3ccc(O)cc3)C(=O)N2[C@H]1C(=O)O,0.7419373447293773
CC1(C)S[C@@H]2[C@H](NC(=O)[C@H](N)c3ccccc3)C(=O)N2[C@H]1C(=O)O,0.8754687373538999
CC1(C)S[C@@H]2[C@H](NC(=O)C(C(=O)O)c3ccccc3)C(=O)N2[C@H]1C(=O)O,0.7419373447293773
CC1(C)S[C@@H]2[C@H](NC(=O)C(c3ccccc3)S(=O)(=O)O)C(=O)N2[C@H]1C(=O)O,0.7884573603642702
CC1(C)S[C@@H]2[C@H](NC(=O)Cc3ccccc3)C(=O)N2[C@H]1C(=O)O,0.5306282510621704
CC1=C(C(=O)O)N2C(=O)[C@@H](NC(=O)[C@H](N)C3=CCC=CC3)[C@H]2SC1,0.6151856390902334
CCCCCCCCC/C=C/C=C/C(=O)CCC(=O)NC1[C@H](C(O)CO)O[C@H](Nc2ncnc3nc[nH]c23)[C@H](O)[C@@H]1O,0.832909122935104
CN1C(=O)NC(=O)C(C)(C2=CCCCC2)C1=O,1.7749523509116738
CSCO[C@H]1C[C@H]2OC[C@@]2(OC(C)=O)C2[C@H](OCc3ccccc3)[C@]3(O)CC(OC(=O)[C@H](O)[C@@H](NC(=O)c4ccccc4)c4ccccc4)C(C)=C([C@@H](OC(C)=O)C(=O)[C@@]21C)C3(C)C,3.4965075614664802
Nc1nc(/C(=N/O)C(=O)N[C@@H]2C(=O)N3C(C(=O)O)=C(/C=C4\CCN([C@@H]5CCNC5)C4=O)CS[C@H]23)ns1,1.4586150226995167
C[C@@H](O)[C@H]1C(=O)N2C(C(=O)O)=C(S[C@@H]3CN[C@H](C(=O)Nc4cccc(C(=O)O)c4)C3)[C@H](C)[C@H]12,1.5686159179138452
CO[C@@]1(NC(=O)C2SC(=C(C(N)=O)C(=O)O)S2)C(=O)N2C(C(=O)O)=C(CSc3nnnn3C)CS[C@@H]21,1.7047480922384253
C[C@@](O)(/C=C/[C@@H]1CC=CC(=O)O1)[C@@H](C[C@@H](O)/C=C\C=C/C=C/CO)OP(=O)(O)O,0.916290731874155
CC1(C)S[C@@H]2[C@H](NC(=O)[C@H](C(=O)O)c3ccsc3)C(=O)N2[C@H]1C(=O)O,0.6931471805599453
C=CC[N+]12CC[C@@]34c5ccccc5N5/C=C6/[C@H]7C[C@H]8[C@@]9(CC[N@@+]8(CC=C)C/C7=C/CO)c7ccccc7N(/C=C(/[C@@H](C[C@@H]31)/C(=C\CO)C2)[C@H]54)[C@@H]69,1.5260563034950492
C[N+]1(CC2CC2)CC[C@]23c4c5ccc(O)c4O[C@H]2C(=O)CC[C@@]3(O)[C@H]1C5,1.252762968495368
O=C1c2cccc3c2[C@H](CCC3)CN1[C@@H]1CN2CCC1CC2,3.6888794541139363
CCC(=O)C(CC(C)N(C)C)(c1ccccc1)c1ccccc1,3.4657359027997265
CC[C@H](OC(C)=O)C(C[C@H](C)N(C)C)(c1ccccc1)c1ccccc1,2.9444389791664403
CCC(CC)COC(C(=O)OCCN(C)C)(c1ccccc1)c1ccccc1,3.5553480614894135
CN(C)CCOC(c1ccccc1)c1ccccc1,2.33214389523559
CC(CC(c1ccccc1)c1ccccc1)NC(C)(C)C,4.04305126783455
Cc1ccc(O)c([C@H](CCN(C(C)C)C(C)C)c2ccccc2)c1,1.2237754316221157
CO/N=C(\C(=O)N[C@@H]1C(=O)N2C(C(=O)O)=C(CSc3nc(C)c(CC(=O)O)s3)CS[C@H]12)c1csc(N)n1,1.6486586255873816
C[C@H]([C@](O)(Cn1cncn1)c1ccc(F)cc1F)S(C)(=O)=O,3.912023005428146
c1ccc(C2(c3ccccc3)CC2C2=NCCN2)cc1,2.1162555148025524
CN(C(=O)c1c(O)c2ccccc2n(C)c1=O)c1ccccc1,3.4657359027997265
CC(=O)O[C@@]12CO[C@@H]1C[C@H](O)[C@@]1(C)C(=O)[C@H](O)C3=C(C)[C@@H](OC(=O)[C@H](O)[C@@H](NC(=O)OC(C)(C)C)c4ccccc4)C[C@@](O)([C@@H](OC(=O)c4ccccc4)[C@H]21)C3(C)C.O.O.O,2.4849066497880004
CCC1(c2cccc(O)c2)CCCCN(C)C1,0.9932517730102833
NC(=O)OC[C@@H]1[C@H](NC(=O)/C(=N\OCC(=O)O)c2csc(N)n2)C(=O)N1S(=O)(=O)O,0.9555114450274363
C[C@H]1[C@H](NC(=O)/C(=N\OC(C)(C)C(=O)O)c2csc(N)n2)C(=O)N1S(=O)(=O)O,0.916290731874155
Clc1ccc2nsnc2c1NC1=NCCN1,1.2237754316221157
Cc1cc(NC(=O)C2=C(O)c3ccccc3S(=O)(=O)N2C)no1,3.526360524616161
Cc1cnc(C(=O)NCCc2ccc(S(=O)(=O)NC(=O)NC3CCCCC3)cc2)cn1,1.4586150226995167
NC[C@H]1O[C@H](O[C@H]2[C@H](O[C@@H]3O[C@H](CO)[C@@H](O)[C@H]3O)[C@@H](O)[C@H](N)C[C@@H]2N)[C@H](N)[C@@H](O)[C@@H]1O,1.252762968495368
COC(=O)C1=C(C)NC(C)=C(C(=O)OCCCN2CCC(c3ccccc3)(c3ccccc3)CC2)[C@@H]1c1cccc([N+](=O)[O-])c1,3.1354942159291497
O=C(O)[C@@H]1C[C@@H](C2CCCCC2)CN1C(=O)CP(=O)(O)CCCCc1ccccc1,2.341805806147327
Cc1noc(NS(=O)(=O)c2ccc(N)cc2)c1C,2.128231705849268
CC1=C(CO)C2=C(C)C3(CC3)[C@@](C)(O)C(=O)C2=C1,0.262364264467491
OCCN1CCN(CCCN2c3ccccc3Sc3ccc(Cl)cc32)CC1,2.341805806147327
CN1CCN(CCCN2c3ccccc3Sc3ccc(Cl)cc32)CC1,2.3025850929940455
COCC(=O)O[C@]1(CCN(C)CCCc2nc3ccccc3[nH]2)CCc2cc(F)ccc2[C@@H]1C(C)C,2.6390573296152584
CCc1cccc2cc(C(O)CNC(C)(C)C)oc12,1.1939224684724343
NC(=O)c1csc([C@@H]2O[C@H](CO)[C@@H](O)[C@H]2O)n1,1.9315214116032138
CCOc1ccc(/C=C2\NCCc3cc(OCC)c(OCC)cc32)cc1OCC,2.33214389523559
NNc1nncc2ccccc12,0.6729444732424258
O=C1c2ccccc2S(=O)(=O)N1CCCCNC[C@H]1CCc2ccccc2O1,0.7884573603642702
CCCc1nn(C)c2c(=O)[nH]c(-c3cc(S(=O)(=O)N4CCN(C)CC4)ccc3OCC)nc12,1.5892352051165808
CCc1nn(CCCN2CCN(c3cccc(Cl)c3)CC2)c(=O)n1CCOc1ccccc1,0.7884573603642702
CCC[C@H](N[C@@H](C)C(=O)N1[C@H](C(=O)O)C[C@@H]2CCCC[C@@H]21)C(=O)O,3.4011973816621555
NNC(=O)c1ccncc1,0.6931471805599453
OC(CCN1CCCCC1)(c1ccccc1)C1CC2C=CC1C2,3.2188758248682006
COC(=O)C1=C(C)NC(C)=C(C(=O)OC(C)C)C1c1cccc2nonc12,1.4586150226995167
CC[C@H]1OC(=O)[C@H](C)[C@@H](O[C@H]2C[C@@](C)(OC)[C@@H](O)[C@H](C)O2)[C@H](C)[C@@H](O[C@@H]2O[C@H](C)C[C@H](N(C)C)[C@H]2O)[C@](C)(OC)C[C@@H](C)C(=O)[C@H](C)[C@@H](O)[C@]1(C)O,1.33500106673234
CC[C@H]1OC(=O)[C@H](C)[C@@H](O[C@H]2C[C@@](C)(OC)[C@@H](O)[C@H](C)O2)[C@H](C)[C@@H](O[C@@H]2O[C@H](C)C[C@H](N(C)C)[C@H]2O)[C@](C)(O)C[C@@H](C)C(=O)[C@H](C)[C@@H](O)[C@]1(C)O,1.0986122886681096
NS(=O)(=O)c1cc(C(=O)O)cc(N2CCCC2)c1Oc1ccccc1,0.832909122935104
CC(C)(O/N=C(\C(=O)N[C@@H]1C(=O)N2C(C(=O)[O-])=C(C[n+]3ccccc3)CS[C@H]12)c1csc(N)n1)C(=O)O,1.0296194171811581
CCOC(=O)C1=C(C)NC(C)=C(C(=O)OC)C1c1cccc([N+](=O)[O-])c1,2.2192034840549946
CCOC(=O)C1=C(COCCN)NC(C)=C(C(=O)OC)C1c1ccccc1Cl,3.5553480614894135
CCOC(=O)C1=C(C)NC(C)=C(C(=O)OC)C1c1cccc(Cl)c1Cl,2.3978952727983707
CCCC(=O)OCOC(=O)C1=C(C)NC(C)=C(C(=O)OC)C1c1cccc(Cl)c1Cl,0.262364264467491
COC(=O)C1=C(C)NC(C)=C(C(=O)OCC(C)C)C1c1ccccc1[N+](=O)[O-],2.4849066497880004
COC(=O)C1=C(C)NC(C)=C(C(=O)OC)C1c1ccccc1[N+](=O)[O-],1.0647107369924282
COCCOC(=O)C1=C(C)NC(C)=C(C(=O)OC(C)C)C1c1cccc([N+](=O)[O-])c1,0.832909122935104
CCC(=O)N(c1ccccc1)C1(C(=O)OC)CCN(CCC(=O)OC)CC1,0.5877866649021191
Cc1ncsc1CCCl,1.7047480922384253
NC(N)=Nc1nc(CSCC/C(N)=N/S(N)(=O)=O)cs1,1.33500106673234
CNC(=C[N+](=O)[O-])NCCSCc1csc(CN(C)C)n1,0.916290731874155
Nc1ccn([C@@H]2O[C@H](CO)[C@@H](O)C2(F)F)c(=O)n1,0.6931471805599453
Nc1ccn([C@H]2CC[C@@H](CO)O2)c(=O)n1,0.7884573603642702
COc1cccc2c1C(=O)c1c(O)c3c(c(O)c1C2=O)C[C@@](O)(C(=O)CO)C[C@@H]3O[C@H]1C[C@H](N)[C@H](O)[C@H](C)O1,3.4965075614664802
CC(=O)[C@]1(O)Cc2c(O)c3c(c(O)c2[C@@H](O[C@H]2C[C@H](N)[C@H](O)[C@H](C)O2)C1)C(=O)c1ccccc1C3=O,2.833213344056216
COc1cccc2c1C(=O)c1c(O)c3c(c(O)c1C2=O)C[C@@](O)(C(=O)CO)C[C@@H]3O[C@H]1C[C@H](N)[C@@H](O)[C@H](C)O1,3.6109179126442243
C=CCN1CC[C@]23c4c5ccc(O)c4O[C@H]2C(=O)CC[C@@]3(O)[C@H]1C5,0.7419373447293773
COc1ccc2c3c1O[C@H]1C(=O)CC[C@@]4(O)[C@@H](C2)N(C)CC[C@]314,1.8718021769015913
CN1CC[C@]23c4c5ccc(O)c4O[C@H]2C(=O)CC[C@H]3[C@H]1C5,1.1939224684724343
N=C(N)c1ccc(OCCCCCOc2ccc(C(=N)N)cc2)cc1,3.2580965380214817
Cc1nccn1CC1CCc2c(c3ccccc3n2C)C1=O,1.4816045409242153
CC(C)(C)NC[C@H](O)COc1nsnc1N1CCOCC1,1.1631508098056809
CC(C)(C)NC(=O)[C@H]1CC[C@H]2[C@@H]3CC[C@H]4NC(=O)C=C[C@]4(C)[C@H]3CC[C@]12C,1.9459101490553132
O=C(O)c1cc(-c2ccc(F)cc2F)ccc1O,2.3978952727983707
C[C@H]1O[C@H](O[C@H]2[C@H](O)[C@@H](O)[C@@H](O[C@H]3[C@H](O)[C@@H](O)[C@H](O)O[C@@H]3CO)O[C@@H]2CO)[C@H](O)[C@@H](O)[C@@H]1N[C@H]1C=C(CO)[C@@H](O)[C@H](O)[C@H]1O,1.3083328196501787
CC1(C)O[C@@H]2C[C@H]3[C@@H]4CCC5=CC(=O)C=C[C@]5(C)[C@@]4(F)[C@@H](O)C[C@]3(C)[C@]2(C(=O)CO)O1,1.2237754316221157
CCCC1O[C@@H]2C[C@H]3[C@@H]4CCC5=CC(=O)C=C[C@]5(C)[C@H]4[C@@H](O)C[C@]3(C)[C@]2(C(=O)CO)O1,1.33500106673234
c1ccc(C2(N3CCCCC3)CCCCC2)cc1,2.833213344056216
Nc1nc(=O)c2c([nH]1)NCC(CNc1ccc(C(=O)N[C@@H](CCC(=O)O)C(=O)O)cc1)N2C=O,0.832909122935104
CC1=NS(=O)(=O)c2cc(Cl)ccc2N1,3.8918202981106265
NC12CC3CC(CC(C3)C1)C2,2.833213344056216
CO/N=C(\C(=O)N[C@@H]1C(=O)N2C(C(=O)[O-])=C(C[N+]3(C)CCCC3)CS[C@H]12)c1csc(N)n1,1.0647107369924282
O=C1Cc2cc(CCN3CCN(c4nsc5ccccc45)CC3)c(Cl)cc2N1,1.410986973710262
CCOc1ccccc1OCCN[C@H](C)Cc1ccc(OC)c(S(N)(=O)=O)c1,2.054123733695546
CN(CCOc1ccc(NS(C)(=O)=O)cc1)CCc1ccc(NS(C)(=O)=O)cc1,2.2082744135228043
CCO[C@@H](Cc1ccc(OCCc2ccc(OS(C)(=O)=O)cc2)cc1)C(=O)O,3.828641396489095
Cc1cc(NS(=O)(=O)c2ccc(N)cc2)no1,2.379546134130174
CCC1=C(C)CN(C(=O)NCCc2ccc(S(=O)(=O)NC(=O)N[C@H]3CC[C@H](C)CC3)cc2)C1=O,2.3933394562625097
C[C@H](N[C@@H](CCc1ccccc1)C(=O)O)C(=O)N1CCC[C@H]1C(=O)O,3.6888794541139363
NCCCC[C@H](N[C@@H](CCc1ccccc1)C(=O)O)C(=O)N1CCC[C@H]1C(=O)O,3.7612001156935624
CC(C)(C)NCC(O)COc1ccc(NC(=O)NC2CCCCC2)cc1,2.4849066497880004
C[C@@H]1CC(=O)NN=C1c1ccc(NN=C(C#N)C#N)cc1,0.7419373447293773
CCN(CC)CC#CCOC(=O)C(O)(c1ccccc1)C1CCCCC1,2.1041341542702074
COc1ccc(C(CN(C)C)C2(O)CCCCC2)cc1,1.791759469228055
NCCCC[C@H](NC(=O)[C@@H](Cc1cc(Br)c(O)c(Br)c1)NC(=O)N1CCC(N2Cc3ccccc3NC2=O)CC1)C(=O)N1CCN(c2ccncc2)CC1,1.252762968495368
CO[C@H]1C[C@@H]2CC[C@@H](C)[C@@](O)(O2)C(=O)C(=O)N2CCCC[C@H]2C(=O)O[C@H]([C@H](C)C[C@@H]2CC[C@H](n3cnnn3)[C@H](OC)C2)CC(=O)[C@H](C)/C=C(\C)[C@@H](O)[C@@H](OC)C(=O)[C@H](C)C[C@H](C)/C=C/C=C/C=C/1C,3.58351893845611
CC[C@H](C)C(=O)O[C@H]1C[C@H](O)C=C2C=C[C@H](C)[C@H](CC[C@@H](O)C[C@@H](O)CC(=O)O)[C@H]21,0.5766133643039938
CN1CC[C@H](c2c(O)cc(O)c3c(=O)cc(-c4ccccc4Cl)oc23)[C@H](O)C1,1.8245492920510458
Nc1n[n+]([O-])c2ccccc2[n+]1[O-],0.5766133643039938
O=c1n(CCCN2CCN(c3cccc(Cl)c3)CC2)nc2ccccn12,2.1162555148025524
CC(C)NCC(O)COc1ccc(CCOCC2CC2)cc1,2.8903717578961645
C/C=C/C[C@@H](C)[C@@H](O)[C@H]1C(=O)N[C@@H](CC)C(=O)N(C)CC(=O)N(C)[C@@H](CC(C)C)C(=O)N[C@@H](C(C)C)C(=O)N(C)[C@@H](CC(C)C)C(=O)N[C@@H](C)C(=O)N[C@H](C)C(=O)N(C)[C@@H](CC(C)C)C(=O)N(C)[C@@H](CC(C)C)C(=O)N(C)[C@@H](C(C)C)C(=O)N1C,2.1162555148025524
C/C=C/C[C@@H](C)C(=O)[C@H]1C(=O)N[C@@H](C(C)C)C(=O)N(C)CC(=O)N(C)[C@@H](CC(C)C)C(=O)N[C@@H](C(C)C)C(=O)N(C)[C@@H](CC(C)C)C(=O)N[C@@H](C)C(=O)N[C@H](C)C(=O)N(C)[C@@H](CC(C)C)C(=O)N(C)[C@@H](CC(C)C)C(=O)N(C)[C@@H](C(C)C)C(=O)N1C,2.3978952727983707
CNCC[C@@H](Oc1ccccc1C)c1ccccc1,1.8245492920510458
Cc1[nH]cnc1CN1CCc2c(c3ccccc3n2C)C1=O,0.9555114450274363
CCOC(=O)C1(c2ccccc2)CCN(C)CC1,2.186051276738094
CCC(=O)C1(c2cccc(O)c2)CCN(C)CC1,1.1939224684724343
CC[C@@]1(O)C(=O)OCc2c1cc1n(c2=O)Cc2c-1nc1cc(F)c(C)c3c1c2[C@@H](N)CC3,2.0412203288596382
CN(C)CCCC1(c2ccc(F)cc2)OCc2cc(C#N)ccc21,3.526360524616161
COc1ccc(CCNCC(O)COc2cccc(C)c2)cc1OC,1.0647107369924282
CCCC(C)C1(CC)C(=O)NC(=S)NC1=O,1.0986122886681096
O=C(CCCN1CCC(O)(c2ccc(Cl)cc2)CC1)c1ccc(F)cc1,3.58351893845611
CC(=O)CCCCn1c(=O)c2c(ncn2C)n(C)c1=O,0.7884573603642702
Cn1c(=O)c2c(ncn2C)n(C)c1=O,1.7749523509116738
CCCn1c(=O)[nH]c(=O)c2[nH]cnc21,1.0296194171811581
Cn1c(=O)c2c(ncn2CC(O)CO)n(C)c1=O,0.9932517730102833
COc1cc2c(cc1OC)[C@@H](Cc1cc(OC)c(OC)c(OC)c1)[N+](C)(CCCOC(=O)CC/C=C/CCC(=O)OCCC[N+]1(C)CCc3cc(OC)c(OC)cc3[C@H]1Cc1cc(OC)c(OC)c(OC)c1)CC2,0.6043159668533296
Cn1c(=O)c2nc[nH]c2n(C)c1=O,2.1041341542702074
COc1cc([C@@H]2c3cc4c(cc3[C@@H](O[C@@H]3O[C@@H]5CO[C@@H](c6cccs6)O[C@H]5[C@H](O)[C@H]3O)[C@H]3COC(=O)[C@H]23)OCO4)cc(OC)c1O,2.833213344056216
CCCCc1nc(Cl)c(CO)n1Cc1ccc(-c2ccccc2-c2nnn[nH]2)cc1,1.0296194171811581
CC(C)(C)NC(=O)[C@@H]1C[C@@H]2CCCC[C@@H]2CN1C[C@@H](O)[C@H](Cc1ccccc1)NC(=O)[C@H](CC(N)=O)NC(=O)c1ccc2ccccc2n1,2.6390573296152584
CC(=O)N[C@H]1[C@H]([C@H](O)[C@H](O)CO)OC(C(=O)O)=C[C@@H]1NC(=N)N,0.9932517730102833
COc1ccc2c3c1O[C@H]1[C@@H](O)C=C[C@H]4[C@@H](C2)N(C)CC[C@@]341,1.6094379124341003
CN1CC[C@]23c4c5ccc(O)c4O[C@H]2[C@@H](O)C=C[C@H]3[C@H]1C5,1.0986122886681096
Nc1nc(N)c2nc(-c3ccccc3)c(N)nc2n1,1.667706820558076
CCC(=O)N(c1ccccc1)C1(COC)CCN(CCc2cccs2)CC1,2.70805020110221
Cc1cccc(Nc2ccncc2S(=O)(=O)NC(=O)NC(C)C)c1,1.8082887711792655
CN(C)C(=O)CCS[C@H](SCCC(=O)O)c1cccc(/C=C/c2ccc3ccc(Cl)cc3n2)c1,1.1939224684724343
CC(C)(C)[C@H](NC(=O)[C@H](CC1CCCC1)CN(O)C=O)C(=O)N1CCN(Cc2ccc3c(c2)OCO3)CC1,2.341805806147327
O=C1c2c(O)ccc(O)c2C(=O)c2c(NCCNCCO)ccc(NCCNCCO)c21,3.988984046564274
O=c1[nH]c2ccccc2n1CCCN1CCC(n2c(=O)[nH]c3cc(Cl)ccc32)CC1,2.1400661634962708
C[C@H]1COc2c(N3CCN(C)CC3)c(F)cc3c(=O)c(C(=O)O)cn1c23,2.2823823856765264
CC1COc2c(N3CCN(C)CC3)c(F)cc3c(=O)c(C(=O)O)cn1c23,2.2925347571405443
CC/C=C\C/C=C\C/C=C\C/C=C\C/C=C\C/C=C/CCC(=O)O[C@@H](C(=O)O[C@H]1C[C@@]2(O)[C@@H](OC(=O)c3ccccc3)C3[C@](C)(C(=O)[C@H](OC(C)=O)C(=C1C)C2(C)C)[C@@H](O)C[C@H]1OC[C@@]31OC(C)=O)[C@@H](NC(=O)c1ccccc1)c1ccccc1,4.110873864173311
CC(=O)O[C@H]1C(=O)[C@@]2(C)[C@H]([C@H](OC(=O)c3ccccc3)[C@]3(O)C[C@H](OC(=O)[C@H](O)[C@@H](NC(=O)c4ccccc4)c4ccccc4)C(C)=C1C3(C)C)[C@]1(OC(C)=O)CO[C@@H]1C[C@@H]2O,2.4849066497880004
COC(=O)O[C@@]12CO[C@@H]1C[C@H](O)[C@@]1(C)C(=O)[C@H](OC(C)=O)C3=C(C)[C@@H](OC(=O)[C@H](O)[C@@H](NC(=O)c4ccccc4)c4ccccc4)C[C@@](O)([C@@H](OC(=O)c4ccccc4)[C@H]21)C3(C)C,3.4657359027997265
NC(=O)c1ncn([C@@H]2O[C@H](CO)[C@@H](O)[C@H]2O)n1,3.828641396489095
CC1CCCC(C)N1CCCC(O)(c1ccccc1)c1ccccn1,2.2407096892759584
CC1CNc2c(cccc2S(=O)(=O)N[C@@H](CCCNC(=N)N)C(=O)N2CC[C@@H](C)C[C@@H]2C(=O)O)C1,0.3364722366212129
Cn1cc[nH]c1=S,1.2237754316221157
O=C1CCc2ccc(OCCCCN3CCN(c4cccc(Cl)c4Cl)CC3)cc2N1,4.330733340286331
CC(C)(C)NC(=O)[C@H]1CC[C@H]2[C@@H]3CC=C4C=C(C(=O)O)CC[C@]4(C)[C@H]3CC[C@]12C,3.332204510175204
O=C(NCCN1CCOCC1)c1ccc(Cl)cc1,0.916290731874155
C[C@@H]1C(=O)O[C@H]2C[C@@]34[C@H]5C[C@@H](C(C)(C)C)[C@]36[C@@H](OC(=O)[C@@H]6O)O[C@@]4(C(=O)O5)[C@]21O,1.5686159179138452
C[C@@H]1C(=O)O[C@H]2[C@H](O)[C@@]34[C@H]5C[C@@H](C(C)(C)C)[C@]36[C@@H](OC(=O)[C@@H]6O)O[C@@]4(C(=O)O5)[C@@]12O,1.8245492920510458
O=C(O[C@H]1CN2CCC1CC2)N1CCc2ccccc2[C@@H]1c1ccccc1,3.9702919135521215
O=C1C(CC[S+]([O-])c2ccccc2)C(=O)N(c2ccccc2)N1c1ccccc1,1.9740810260220096
CCOC(=O)Nc1ccc(NCc2ccc(F)cc2)nc1N,2.251291798606495
C=CC[C@@H]1/C=C(\C)C[C@H](C)C[C@H](OC)[C@H]2O[C@@](O)(C(=O)C(=O)N3CCCC[C@H]3C(=O)O[C@H](/C(C)=C/[C@@H]3CC[C@@H](O)[C@H](OC)C3)[C@H](C)[C@@H](O)CC1=O)[C@H](C)C[C@@H]2OC,3.295836866004329
Cc1ccnc2c1NC(=O)c1cccnc1N2C1CC1,3.988984046564274
COc1cc2nc(N3CCN(C(=O)C4COc5ccccc5O4)CC3)nc(N)c2cc1OC,2.3978952727983707
C[C@@H]1O[C@@H]1P(=O)(O)O,1.0647107369924282
CCOc1ccc2ccccc2c1C(=O)N[C@@H]1C(=O)N2[C@@H]1SC(C)(C)[C@@H]2C(=O)O,0.5306282510621704
O=c1c(O)c(-c2ccc(O)c(O)c2)oc2cc(O)cc(O)c12,0.4700036292457355
CN(C)CCN(Cc1cccs1)c1ccccn1,0.9555114450274363
Oc1ccc2c3c1O[C@H]1[C@@H](O)CC[C@@]4(O)[C@@H](C2)N(CC2CCC2)CC[C@]314,1.547562508716013
Cc1ccc(-c2nc3ccc(C)cn3c2CC(=O)N(C)C)cc1,0.9932517730102833
Nc1ccc(S(=O)(=O)c2ccc(N)cc2)cc1,3.1354942159291497
CCC(C)n1ncn(-c2ccc(N3CCN(c4ccc(OCC5COC(Cn6cncn6)(c6ccc(Cl)cc6Cl)O5)cc4)CC3)cc2)c1=O,3.2580965380214817
C[C@H](Cn1cnc2c(N)ncnc21)OCP(=O)(O)O,1.9169226121820608
Nc1nc(O)c2ncn(CCC(CO)CO)c2n1,1.1314021114911006
Nc1ncnc2c1ncn2CCOCP(=O)(O)O,0.9555114450274363
Nc1nc(O)c2ncn(COC(CO)CO)c2n1,1.547562508716013
Nc1nc(O)c2ncn(COCCO)c2n1,1.252762968495368
CN(C)CCc1c[nH]c2ccc(Cn3cncn3)cc12,1.1631508098056809
CO[C@@]1(NC(=O)Cc2cccs2)C(=O)N2C(C(=O)O)=C(COC(N)=O)CS[C@@H]21,0.5933268452777344
CC(=O)OCC1=C(C(=O)O)N2C(=O)[C@@H](NC(=O)Cc3cccs3)[C@H]2SC1,0.6678293725756554
CC(C)N1CCC(N(C(=O)Cc2ccccc2)c2ccc(Cl)cc2)CC1,2.0149030205422647
CCOc1ccccc1OCC1CNCCO1,1.62924053973028
Sc1ncnc2nc[nH]c12,0.6931471805599453
COC(=O)C(c1ccccc1)C1CCCCN1,1.7578579175523736
CC(C(=O)O)c1cccc(C(=O)c2ccccc2)c1,1.1314021114911006
Nc1c(CC(=O)O)cccc1C(=O)c1ccc(Br)cc1,1.2809338454620642
Cc1ccc(C(=O)c2cc(O)c(O)c([N+](=O)[O-])c2)cc1,0.7419373447293773
O=C(CCCN1CCC(n2c(O)nc3ccccc32)CC1)c1ccc(F)cc1,1.9169226121820608
COc1cc(NC(C)CCCN)c2ncccc2c1,2.091864061678393
CC1(C)S[C@@H]2[C@H](/N=C/N3CCCCCC3)C(=O)N2[C@H]1C(=O)O,0.7419373447293773
CC(C)(C)[C@]1(O)CC2OC(=O)CC23C(=O)OC2OC(=O)[C@H](O)C231,1.4350845252893225
CC[C@H]1NC(=O)[C@@H](NC(=O)c2ncccc2O)[C@@H](C)OC(=O)[C@H](c2ccccc2)NC(=O)[C@@H]2CC(=O)[C@H](CS[C@@H]3CN4CCC3CC4)CN2C(=O)[C@H](Cc2ccc(N(C)C)cc2)N(C)C(=O)[C@@H]2CCCN2C1=O,0.6259384308664953
CN1CCN(C(=O)OC2c3nccnc3C(=O)N2c2ccc(Cl)cn2)CC1,1.8245492920510458
CN(Cc1cnc2nc(N)nc(N)c2n1)c1ccc(C(=O)N[C@@H](CCC(=O)O)C(=O)O)cc1,1.5892352051165808
CS(=O)(=O)N(CCO)c1c(Cl)c(Cl)cc2[nH]c(=O)c(=O)[nH]c12,0.8754687373538999
O=P1(NCCCl)OCCCN1CCCl,2.028148247292285
O=P1(N(CCCl)CCCl)NCCCO1,2.197224577336219
C=CCN1CCCC1CNC(=O)c1cc2nn[nH]c2cc1OC,1.33500106673234
NC(=O)C(c1ccccc1)(c1ccccc1)[C@@H]1CCN(CCc2ccc3c(c2)CCO3)C1,1.5260563034950492
COCc1c(C(C)C)nc(C(C)C)c(/C=C/[C@@H](O)C[C@@H](O)CC(=O)O)c1-c1ccc(F)cc1,1.0296194171811581
C/C=C1\NC(=O)[C@H]2CSSCC/C=C/[C@H](CC(=O)N[C@H](C(C)C)C(=O)N2)OC(=O)[C@H](C(C)C)NC1=O,2.4849066497880004
COc1cc2ncnc(Nc3ccc(F)c(Cl)c3)c2cc1OCCCN1CCOCC1,3.5553480614894135
CN1C(C(=O)Nc2ccccn2)=C(O)c2sccc2S1(=O)=O,4.219507705176107
O=C1CCC(N2C(=O)c3ccccc3C2=O)C(=O)N1,1.7404661748405044
CN[C@@H]1[C@H](O[C@H]2[C@H](O[C@H]3[C@H](O)[C@@H](O)[C@H](N=C(N)N)[C@@H](O)[C@@H]3N=C(N)N)O[C@@H](C)[C@]2(O)C=O)O[C@@H](CO)[C@H](O)[C@H]1O,1.667706820558076
C[C@@H](O[C@H]1OCCN(Cc2n[nH]c(=O)[nH]2)[C@H]1c1ccc(F)cc1)c1cc(C(F)(F)F)cc(C(F)(F)F)c1,2.6390573296152584
CCCCNc1cc(C(=O)O)cc(S(N)(=O)=O)c1Oc1ccccc1,0.7884573603642702
CO[C@H]1/C=C/O[C@@]2(C)Oc3c(C)c(O)c4c(O)c(c(/C=N/N5CCN(C)CC5)c(O)c4c3C2=O)NC(=O)/C(C)=C\C=C\[C@H](C)[C@H](O)[C@@H](C)[C@@H](O)[C@@H](C)[C@H](OC(C)=O)[C@@H]1C,1.5686159179138452
CCCCS(=O)(=O)N[C@@H](Cc1ccc(OCCCCC2CCNCC2)cc1)C(=O)O,0.9555114450274363
CC(C)=CCN1CC[C@]2(C)c3cc(O)ccc3C[C@H]1[C@H]2C,1.252762968495368
C[C@@H](O)[C@H]1C(=O)N2C(C(=O)O)=C(SCCOC(N)=O)S[C@H]12,0.5877866649021191
N/N=c1/cc2c(n[nH]1)CCN(C(=O)c1ccccc1)C2,1.8870696490323797
CNCCCC12CCC(c3ccccc31)c1ccccc12,3.951243718581427
NS(=O)(=O)c1cc2c(cc1C(F)(F)F)NCNS2(=O)=O,1.8245492920510458
C[C@H](N[C@@H](CCc1ccccc1)C(=O)O)C(=O)N1Cc2ccccc2C[C@H]1C(=O)O,1.1939224684724343
CNS(=O)(=O)CCc1ccc2[nH]cc(C3CCN(C)CC3)c2c1,2.028148247292285
CCCc1nc2c(C)cc(-c3nc4ccccc4n3C)cc2n1Cc1ccc(-c2ccccc2C(=O)O)cc1,3.044522437723423
CCCCCOc1ccc(-c2ccc(-c3ccc(C(=O)N[C@H]4C[C@@H](O)[C@@H](O)NC(=O)[C@@H]5[C@@H](O)[C@@H](C)CN5C(=O)[C@H]([C@@H](C)O)NC(=O)[C@H]([C@H](O)[C@@H](O)c5ccc(O)cc5)NC(=O)[C@@H]5C[C@@H](O)CN5C(=O)[C@H]([C@@H](C)O)NC4=O)cc3)cc2)cc1,3.7135720667043075
COc1cc(CC2c3c(cc(OC)c(OC)c3OC)CC[N+]2(C)CCCOC(=O)CCC(=O)OCCC[N+]2(C)CCc3cc(OC)c(OC)c(OC)c3C2Cc2cc(OC)c(OC)c(OC)c2)cc(OC)c1OC,0.9932517730102833
CN1CCC[C@H]1c1cccnc1,1.0986122886681096
O=C(O)[C@H]1/C(=C/CO)O[C@@H]2CC(=O)N21,0.6418538861723948
Cc1cc(=O)n(-c2ccccc2)n1C,2.5649493574615367
Cc1ccccc1N1C(=O)c2cc(S(N)(=O)=O)c(Cl)cc2NC1C,3.044522437723423
CCOC(=O)c1cncn1[C@H](C)c1ccccc1,1.504077396776274
CCN1CCN(C(=O)N[C@@H](C(=O)N[C@@H]2C(=O)N3[C@@H]2SC(C)(C)[C@@H]3C(=O)O)c2ccccc2)C(=O)C1=O,0.6729444732424258
COc1ccc(Cl)cc1[C@]1(F)C(=O)Nc2cc(C(F)(F)F)ccc21,3.6375861597263857
CC(CCc1ccccc1)NCC(O)c1ccc(O)c(C(N)=O)c1,1.6863989535702286
C[C@H](CCc1ccccc1)NC[C@H](O)c1ccc(O)c(C(N)=O)c1,1.4586150226995167
NS(=O)(=O)c1cc(C(=O)O)c(NCc2ccco2)cc1Cl,1.252762968495368
Nc1ccn([C@@H]2CS[C@H](CO)O2)c(=O)n1,2.312535423847214
OC(CCN1CCCC1)(c1ccccc1)C1CCCCC1,2.5649493574615367
O=C(NCCNCC(O)COc1ccc(O)cc1)N1CCOCC1,2.163323025660538
C[C@H](CS)C(=O)N1CCC[C@H]1C(=O)O,1.0986122886681096
CN(C)CCc1c[nH]c2ccc(C[C@H]3COC(=O)N3)cc12,1.5260563034950492
CCCCCNC(=O)c1coc([C@H]2[C@@H](Cc3ccccc3CCC(=O)O)[C@@H]3CC[C@H]2O3)n1,3.1354942159291497
COc1cc(NCc2ccc3nc(N)nc(N)c3c2C)cc(OC)c1OC,2.8903717578961645
N[C@@H]1[C@H]2CN(c3nc4c(cc3F)c(=O)c(C(=O)O)cn4-c3ccc(F)cc3F)C[C@@H]12,2.4849066497880004
CC(C)(C)NC(=O)[C@@H]1CN(Cc2cccnc2)CCN1C[C@@H](O)C[C@@H](Cc1ccccc1)C(=O)N[C@H]1c2ccccc2C[C@H]1O,0.6931471805599453
CCCC1C(=O)N2C(N(C)C)=Nc3ccc(C)cc3N2C1=O,2.8903717578961645
CCOC(=O)[C@@H]1C2CCC(C[C@@H]1OC(=O)c1ccccc1)N2C,0.916290731874155
COC(=O)[C@H]1[C@@H](OC(=O)c2ccccc2)C[C@@H]2CC[C@H]1N2C,0.5653138090500605
Cc1nnc(SCC2=C(C(=O)O)N3C(=O)[C@@H](NC(=O)[C@H](O)c4ccccc4)[C@H]3SC2)s1,0.6931471805599453
CN1CC[C@]23c4c5ccc(O)c4O[C@H]2[C@@H](O[C@@H]2O[C@H](C(=O)O)[C@@H](O)[C@H](O)[C@H]2O)C=C[C@H]3[C@H]1C5,0.8754687373538999
CN[C@@H]1[C@@H](O)[C@@H](O[C@@H]2[C@@H](O)[C@H](O[C@H]3OC(CN)=CC[C@H]3N)[C@@H](N)C[C@H]2N)OC[C@]1(C)O,1.2237754316221157
CCN[C@@H]1C[C@H](N)[C@@H](O[C@H]2OC(CN)=CC[C@H]2N)[C@H](O)[C@H]1O[C@H]1OC[C@](C)(O)[C@H](NC)[C@H]1O,1.4350845252893225
CCCNCC(O)COc1ccccc1C(=O)CCc1ccccc1,1.1314021114911006
CCC(C)(C)NCC(O)COc1ccccc1C(=O)CCc1ccccc1,0.916290731874155
CCC(C)CC(C)CCCCCCCCC(=O)N[C@H]1C[C@@H](O)[C@@H](NCCN)NC(=O)[C@@H]2[C@@H](O)CCN2C(=O)[C@H]([C@H](O)CCN)NC(=O)[C@H]([C@H](O)[C@@H](O)c2ccc(O)cc2)NC(=O)[C@@H]2C[C@@H](O)CN2C(=O)[C@H]([C@@H](C)O)NC1=O,3.332204510175204
OC(Cn1cncn1)(Cn1cncn1)c1ccc(F)cc1F,3.4339872044851463
O=P(O)(O)OC(Cn1cncn1)(Cn1cncn1)c1ccc(F)cc1F,1.1314021114911006
CCN1CC(CCN2CCOCC2)C(c2ccccc2)(c2ccccc2)C1=O,1.62924053973028
NC(=O)CN1CC(O)CC1=O,2.1400661634962708
Oc1ccc2c(c1)[C@@]13CCCC[C@@]1(O)[C@@H](C2)N(CC1CCC1)CC3,1.7578579175523736
O=C1CC[C@@]2(O)[C@H]3Cc4ccc(O)c5c4[C@@]2(CCN3CC2CC2)[C@H]1O5,1.0647107369924282
O=C(O)Cc1ccccc1Nc1c(Cl)cccc1Cl,0.8754687373538999
CNC(=C[N+](=O)[O-])NCCSCc1ccc(CN(C)C)o1,1.1314021114911006
COc1cc2nc(N3CCN(C(=O)c4ccco4)CC3)nc(N)c2cc1OC,1.0986122886681096
CO[C@@]1(NC(=O)C(C(=O)O)c2ccc(O)cc2)C(=O)N2C(C(=O)O)=C(CSc3nnnn3C)CO[C@@H]21,1.3609765531356006
COc1cc([C@@H]2c3cc4c(cc3[C@@H](O[C@@H]3O[C@@H]5CO[C@@H](C)O[C@H]5[C@H](O)[C@H]3O)[C@H]3COC(=O)[C@H]23)OCO4)cc(OC)c1O,1.9021075263969203
COc1cc([C@@H]2c3cc4c(cc3C(OC3OC5COC(C)OC5C(O)C3N)C3COC(=O)[C@@H]32)OCO4)cc(OC)c1O,2.70805020110221
CCCCC1=NC2(CCCC2)C(=O)N1Cc1ccc(-c2ccccc2-c2nn[nH]n2)cc1,2.70805020110221
C=CC[N+]1([C@H]2C[C@H]3[C@@H]4CC[C@H]5C[C@H](O)[C@@H](N6CCOCC6)C[C@]5(C)[C@H]4CC[C@]3(C)[C@H]2OC(C)=O)CCCC1,0.9555114450274363
CO[C@H]1/C=C/O[C@@]2(C)Oc3c(C)c(O)c4c(c3C2=O)C2=NC3(CCN(CC(C)C)CC3)NC2=C(NC(=O)/C(C)=C\C=C\[C@H](C)[C@H](O)[C@@H](C)[C@@H](O)[C@@H](C)[C@H](OC(C)=O)[C@@H]1C)C4=O,3.6375861597263857
C[C@@H]([C@@H](O)c1ccc(O)cc1)N1CCC(O)(c2ccccc2)CC1,1.547562508716013
COC(=O)C1=C(C)NC(C)=C(C(=O)OCCN(C)Cc2ccccc2)C1c1cccc([N+](=O)[O-])c1,1.62924053973028
N=C(N)NCCC[C@H](NC(=O)[C@@H]1CCCN1C(=O)[C@@H]1CSSCCC(=O)N[C@@H](Cc2ccc(O)cc2)C(=O)N[C@@H](Cc2ccccc2)C(=O)N[C@@H](CCC(N)=O)C(=O)N[C@@H](CC(N)=O)C(=O)N1)C(=O)NCC(N)=O,1.3862943611198906
CCn1cc(C(=O)O)c(=O)c2cc(F)c(N3CCN(C)CC3)cc21,2.4849066497880004
CN1CCN(c2c(F)cc3c(=O)c(C(=O)O)cn(CCF)c3c2F)CC1,2.2617630984737906
Cc1ccccc1OCC(O)CNCCOc1ccc(C(N)=O)cc1,1.252762968495368
COc1ccc([C@@H]2Sc3ccccc3N(CCN(C)C)C(=O)[C@@H]2OC(C)=O)cc1,1.8870696490323797
CCC(=O)O[C@](Cc1ccccc1)(c1ccccc1)[C@H](C)CN(C)C,2.9444389791664403
CN(C)CCNc1ccc2c3c(nn2CCNCCO)-c2cnccc2C(=O)c13,3.828641396489095
O=C(c1ccc(F)cc1)C1CCN(CCn2c(=O)[nH]c3ccccc3c2=O)CC1,2.5649493574615367
CN(C)C(=O)Oc1ccc[n+](C)c1,0.916290731874155
CCC1=C[C@@H]2CN(C1)Cc1c([nH]c3ccccc13)[C@@](C(=O)OC)(c1cc3c(cc1OC)N(C)[C@H]1[C@@](O)(C(=O)OC)[C@H](OC(C)=O)[C@]4(CC)C=CCN5CC[C@]31[C@@H]54)C2,2.9444389791664403
CCC1=C[C@@H]2CN(C1)Cc1c([nH]c3ccccc13)[C@@](C(=O)OC)(c1cc3c(cc1OC)N(C)[C@H]1[C@@](O)(C(=O)OC)[C@H](OC(C)=O)[C@]4(CC)C=CCN5CC[C@]31[C@@H]54)C2,3.295836866004329
O=c1[nH]cc(F)c(=O)[nH]1,0.11332868530700317
CO[C@@]1(NC(=O)CSCC#N)C(=O)N2C(C(=O)O)=C(CSc3nnnn3C)CS[C@@H]21,0.916290731874155
N#Cc1ccc2c(c1)CN(S(=O)(=O)c1cccs1)[C@H](Cc1ccccc1)CN2Cc1c[nH]cn1,0.9555114450274363
CC(=O)O[C@H]1C[C@@H]2CC[C@@H]3[C@H](CC[C@@]4(C)[C@H]3C[C@H]([N+]3(C)CCCCC3)[C@@H]4OC(C)=O)[C@@]2(C)C[C@@H]1[N+]1(C)CCCCC1,1.0647107369924282
CCCCCc1cc(O)c2c(c1)OC(C)(C)[C@@H]1CCC(C)=C[C@@H]21,3.526360524616161
Nc1[nH]c(=O)ncc1F,1.6486586255873816
Nc1ccn(C[C@@H](CO)OCP(=O)(O)O)c(=O)n1,1.2809338454620642
NCC1(CC(=O)O)CCCCC1,1.840549633397487
NC[C@H]1CC[C@H](C(=O)O)CC1,1.1939224684724343
CCn1cc(C(=O)O)c(=O)c2cc(F)c(N3CCNCC3)nc21,1.8082887711792655
CC(=O)NC[C@H]1CN(c2ccc(N3CCOCC3)c(F)c2)C(=O)O1,1.7047480922384253
Cc1nnc2n1-c1sc(Br)cc1C(c1ccccc1Cl)=NC2,1.7578579175523736
N[C@@H](CC(=O)N1CCn2c(nnc2C(F)(F)F)C1)Cc1cc(F)c(F)cc1F,2.5649493574615367
CCCC(C)C1(CC)C(=O)NC(=O)NC1=O,3.1354942159291497
C=CCC1(C(C)C#CCC)C(=O)NC(=O)N(C)C1=O,0.9555114450274363
CNCCCN1c2ccccc2CCc2ccccc21,3.1354942159291497
C[N+](C)([O-])CCCN1c2ccccc2CCc2ccccc21,1.0296194171811581
CC(CN(C)C)CN1c2ccccc2CCc2ccccc21,3.1780538303479453
CN(C)CCCN1c2ccccc2CCc2ccc(Cl)cc21,3.295836866004329
CN(C)CCCN1c2ccccc2CCc2ccccc21,2.833213344056216
CN(C)CCCN1c2ccccc2CCc2cc(O)ccc21,2.3978952727983707
Nc1ccn([C@@H]2CO[C@H](CO)O2)c(=O)n1,4.418840607796597
CN(CCOc1ccc(CC2SC(=O)NC2=O)cc1)c1ccccn1,1.5892352051165808
CCCc1cc(=O)[nH]c(=S)[nH]1,0.832909122935104
