dataset,modality,embedding_model,ml_model,MCC,AUC,Accuracy,Precision,Recall,F1_macro,MCC_se,MCC_ci_lo,MCC_ci_hi,AUC_se,AUC_ci_lo,AUC_ci_hi,R2,MAE,Spearman,R2_se,R2_ci_lo,R2_ci_hi,Spearman_se,Spearman_ci_lo,Spearman_ci_hi
herg,hf,ChemBERTa_77M_MLM_FL,CatBoost,0.5438,0.8413,0.7717,0.7719,0.7719,0.7717,0.0162,0.5121,0.5756,0.0077,0.8263,0.8564,,,,,,,,,
herg,hf,ChemBERTa_77M_MLM_FL,LightGBM,0.5445,0.843,0.7721,0.7722,0.7723,0.7721,0.0162,0.5128,0.5762,0.0076,0.828,0.858,,,,,,,,,
herg,hf,ChemBERTa_77M_MLM_FL,XGBoost,0.5407,0.8423,0.7703,0.7703,0.7703,0.7703,0.0162,0.5089,0.5724,0.0077,0.8273,0.8573,,,,,,,,,
herg,hf,ChemBERTa_77M_MLM_WL,CatBoost,0.5341,0.8399,0.7669,0.767,0.767,0.7669,0.0162,0.5022,0.5659,0.0076,0.8251,0.8547,,,,,,,,,
herg,hf,ChemBERTa_77M_MLM_WL,LightGBM,0.5393,0.8373,0.7695,0.7696,0.7696,0.7695,0.0163,0.5074,0.5711,0.0077,0.8223,0.8524,,,,,,,,,
herg,hf,ChemBERTa_77M_MLM_WL,XGBoost,0.5414,0.8419,0.7706,0.7707,0.7707,0.7706,0.0162,0.5096,0.5732,0.0075,0.8271,0.8567,,,,,,,,,
herg,hf,ChemBERTa_77M_MTR_FL,CatBoost,0.5517,0.8488,0.7758,0.7758,0.7759,0.7758,0.016,0.5204,0.583,0.0074,0.8344,0.8633,,,,,,,,,
herg,hf,ChemBERTa_77M_MTR_FL,LightGBM,0.546,0.8508,0.7729,0.773,0.773,0.7729,0.0162,0.5142,0.5778,0.0073,0.8364,0.8652,,,,,,,,,
herg,hf,ChemBERTa_77M_MTR_FL,XGBoost,0.5519,0.8488,0.7758,0.7759,0.7759,0.7758,0.0161,0.5202,0.5835,0.0074,0.8342,0.8633,,,,,,,,,
herg,hf,ChemBERTa_77M_MTR_WL,CatBoost,0.5517,0.8515,0.7755,0.776,0.7757,0.7754,0.0162,0.5199,0.5835,0.0074,0.8371,0.8659,,,,,,,,,
herg,hf,ChemBERTa_77M_MTR_WL,LightGBM,0.5452,0.8552,0.7721,0.7728,0.7724,0.7721,0.0161,0.5137,0.5768,0.0073,0.841,0.8695,,,,,,,,,
herg,hf,ChemBERTa_77M_MTR_WL,XGBoost,0.5433,0.8561,0.7714,0.7717,0.7716,0.7714,0.0164,0.5112,0.5754,0.0072,0.842,0.8703,,,,,,,,,
herg,hf,MolFormer_Finetuned_FL,CatBoost,0.5436,0.851,0.7717,0.7718,0.7718,0.7717,0.0162,0.5118,0.5754,0.0073,0.8367,0.8654,,,,,,,,,
herg,hf,MolFormer_Finetuned_FL,LightGBM,0.5539,0.8575,0.7766,0.777,0.7768,0.7766,0.016,0.5225,0.5853,0.0072,0.8435,0.8716,,,,,,,,,
herg,hf,MolFormer_Finetuned_FL,XGBoost,0.532,0.8561,0.7658,0.766,0.766,0.7658,0.0164,0.4998,0.5642,0.0072,0.8421,0.8702,,,,,,,,,
herg,hf,MolFormer_Finetuned_WL,CatBoost,0.5674,0.8631,0.7836,0.7837,0.7837,0.7836,0.016,0.5361,0.5988,0.007,0.8494,0.8768,,,,,,,,,
herg,hf,MolFormer_Finetuned_WL,LightGBM,0.5615,0.8655,0.7807,0.7807,0.7808,0.7807,0.0161,0.53,0.5929,0.0069,0.852,0.879,,,,,,,,,
herg,hf,MolFormer_Finetuned_WL,XGBoost,0.571,0.8646,0.7855,0.7855,0.7855,0.7855,0.016,0.5397,0.6023,0.007,0.8509,0.8782,,,,,,,,,
herg,unimol,UniMol_FL,CatBoost,0.5843,0.8734,0.7922,0.7922,0.7922,0.7922,0.0155,0.5539,0.6148,0.0066,0.8604,0.8865,,,,,,,,,
herg,unimol,UniMol_FL,LightGBM,0.5889,0.8708,0.7944,0.7944,0.7945,0.7944,0.0155,0.5584,0.6193,0.0067,0.8576,0.884,,,,,,,,,
herg,unimol,UniMol_FL,XGBoost,0.5732,0.8685,0.7866,0.7866,0.7866,0.7866,0.0158,0.5422,0.6042,0.0068,0.8551,0.8818,,,,,,,,,
herg,unimol,UniMol_WL,CatBoost,0.5398,0.8611,0.7699,0.7699,0.7699,0.7699,0.0164,0.5077,0.5719,0.007,0.8474,0.8748,,,,,,,,,
herg,unimol,UniMol_WL,LightGBM,0.5763,0.8709,0.7881,0.7881,0.7882,0.7881,0.0158,0.5454,0.6072,0.0067,0.8577,0.884,,,,,,,,,
herg,unimol,UniMol_WL,XGBoost,0.5481,0.8604,0.774,0.774,0.7741,0.774,0.0163,0.5162,0.5799,0.007,0.8466,0.8742,,,,,,,,,
dili,hf,ChemBERTa_77M_MLM_FL,CatBoost,0.6114,0.9074,0.8021,0.8138,0.7978,0.7984,0.0776,0.4594,0.7634,0.0297,0.8492,0.9656,,,,,,,,,
dili,hf,ChemBERTa_77M_MLM_FL,LightGBM,0.712,0.8887,0.8542,0.8607,0.8513,0.8526,0.0695,0.5757,0.8482,0.0326,0.8248,0.9526,,,,,,,,,
dili,hf,ChemBERTa_77M_MLM_FL,XGBoost,0.6733,0.8939,0.8333,0.8439,0.8296,0.8307,0.0721,0.532,0.8146,0.0317,0.8318,0.956,,,,,,,,,
dili,hf,ChemBERTa_77M_MLM_WL,CatBoost,0.5977,0.8961,0.7917,0.8121,0.7861,0.7857,0.0779,0.445,0.7503,0.0313,0.8346,0.9575,,,,,,,,,
dili,hf,ChemBERTa_77M_MLM_WL,LightGBM,0.5541,0.8909,0.7708,0.7894,0.7652,0.7643,0.0814,0.3944,0.7137,0.0328,0.8267,0.9551,,,,,,,,,
dili,hf,ChemBERTa_77M_MLM_WL,XGBoost,0.5603,0.8757,0.7708,0.7969,0.7643,0.7625,0.0788,0.4057,0.7148,0.0347,0.8076,0.9437,,,,,,,,,
dili,hf,ChemBERTa_77M_MTR_FL,CatBoost,0.5428,0.8448,0.7708,0.775,0.7678,0.7683,0.085,0.3763,0.7093,0.0409,0.7646,0.9249,,,,,,,,,
dili,hf,ChemBERTa_77M_MTR_FL,LightGBM,0.5454,0.8061,0.7708,0.7786,0.767,0.7672,0.0837,0.3814,0.7094,0.0459,0.7161,0.8961,,,,,,,,,
dili,hf,ChemBERTa_77M_MTR_FL,XGBoost,0.5541,0.8513,0.7708,0.7894,0.7652,0.7643,0.0801,0.3972,0.711,0.0393,0.7743,0.9283,,,,,,,,,
dili,hf,ChemBERTa_77M_MTR_WL,CatBoost,0.5205,0.8757,0.7604,0.7601,0.7604,0.7602,0.0866,0.3507,0.6904,0.0343,0.8084,0.9429,,,,,,,,,
dili,hf,ChemBERTa_77M_MTR_WL,LightGBM,0.5421,0.8491,0.7708,0.7708,0.7713,0.7707,0.0852,0.3751,0.7092,0.0381,0.7745,0.9238,,,,,,,,,
dili,hf,ChemBERTa_77M_MTR_WL,XGBoost,0.5421,0.8613,0.7708,0.7708,0.7713,0.7707,0.0851,0.3753,0.709,0.0362,0.7903,0.9323,,,,,,,,,
dili,hf,MolFormer_Finetuned_FL,CatBoost,0.4987,0.85,0.75,0.75,0.7487,0.749,0.0877,0.3269,0.6705,0.0383,0.775,0.925,,,,,,,,,
dili,hf,MolFormer_Finetuned_FL,LightGBM,0.6456,0.8452,0.8229,0.8243,0.8213,0.822,0.078,0.4927,0.7984,0.041,0.7649,0.9255,,,,,,,,,
dili,hf,MolFormer_Finetuned_FL,XGBoost,0.5198,0.8313,0.7604,0.7611,0.7587,0.7591,0.0869,0.3495,0.6901,0.0429,0.7473,0.9153,,,,,,,,,
dili,hf,MolFormer_Finetuned_WL,CatBoost,0.4571,0.8304,0.7292,0.7302,0.727,0.7273,0.0908,0.2792,0.635,0.0413,0.7494,0.9115,,,,,,,,,
dili,hf,MolFormer_Finetuned_WL,LightGBM,0.4987,0.8039,0.75,0.75,0.7487,0.749,0.0887,0.3249,0.6724,0.0459,0.714,0.8938,,,,,,,,,
dili,hf,MolFormer_Finetuned_WL,XGBoost,0.4778,0.8113,0.7396,0.74,0.7378,0.7382,0.0895,0.3023,0.6534,0.0444,0.7242,0.8984,,,,,,,,,
dili,unimol,UniMol_FL,CatBoost,0.6598,0.8883,0.8229,0.8424,0.8178,0.8185,0.0712,0.5201,0.7994,0.0339,0.8219,0.9546,,,,,,,,,
dili,unimol,UniMol_FL,LightGBM,0.6598,0.8717,0.8229,0.8424,0.8178,0.8185,0.0713,0.5199,0.7996,0.0368,0.7997,0.9438,,,,,,,,,
dili,unimol,UniMol_FL,XGBoost,0.7897,0.8748,0.8854,0.9098,0.8804,0.8825,0.0515,0.6887,0.8907,0.039,0.7983,0.9513,,,,,,,,,
dili,unimol,UniMol_WL,CatBoost,0.5922,0.8891,0.7917,0.8056,0.787,0.7871,0.0786,0.4381,0.7463,0.0331,0.8242,0.9541,,,,,,,,,
dili,unimol,UniMol_WL,LightGBM,0.6784,0.8843,0.8333,0.85,0.8287,0.8297,0.0695,0.5422,0.8146,0.036,0.8138,0.9549,,,,,,,,,
dili,unimol,UniMol_WL,XGBoost,0.7107,0.88,0.8438,0.8737,0.8378,0.8387,0.0609,0.5914,0.8299,0.0359,0.8097,0.9503,,,,,,,,,
caco2,hf,ChemBERTa_77M_MLM_Huber,CatBoost,,,,,,,,,,,,,0.4389,0.4241,0.7427,0.0871,0.2681,0.6096,0.0339,0.6762,0.8093
caco2,hf,ChemBERTa_77M_MLM_Huber,LightGBM,,,,,,,,,,,,,0.2595,0.4713,0.6982,0.1229,0.0186,0.5003,0.0407,0.6184,0.7781
caco2,hf,ChemBERTa_77M_MLM_Huber,XGBoost,,,,,,,,,,,,,0.4386,0.4234,0.7562,0.0875,0.2671,0.6102,0.0323,0.6928,0.8196
caco2,hf,ChemBERTa_77M_MTR_Huber,CatBoost,,,,,,,,,,,,,0.6629,0.3239,0.8347,0.0502,0.5644,0.7613,0.0256,0.7845,0.8849
caco2,hf,ChemBERTa_77M_MTR_Huber,LightGBM,,,,,,,,,,,,,0.6693,0.321,0.8292,0.0485,0.5741,0.7644,0.0272,0.7759,0.8825
caco2,hf,ChemBERTa_77M_MTR_Huber,XGBoost,,,,,,,,,,,,,0.6353,0.3297,0.8218,0.0551,0.5274,0.7433,0.0273,0.7683,0.8752
caco2,hf,MolFormer_Finetuned_Huber,CatBoost,,,,,,,,,,,,,0.6004,0.353,0.7479,0.0585,0.4857,0.7151,0.0385,0.6724,0.8234
caco2,hf,MolFormer_Finetuned_Huber,LightGBM,,,,,,,,,,,,,0.5954,0.3637,0.7489,0.0582,0.4814,0.7094,0.0371,0.6762,0.8216
caco2,hf,MolFormer_Finetuned_Huber,XGBoost,,,,,,,,,,,,,0.5555,0.3834,0.7193,0.0612,0.4356,0.6753,0.0407,0.6394,0.7992
caco2,unimol,UniMol_Huber,CatBoost,,,,,,,,,,,,,0.6772,0.323,0.7964,0.0471,0.5849,0.7695,0.0317,0.7342,0.8585
caco2,unimol,UniMol_Huber,LightGBM,,,,,,,,,,,,,0.644,0.3408,0.7686,0.0483,0.5494,0.7387,0.0357,0.6986,0.8385
caco2,unimol,UniMol_Huber,XGBoost,,,,,,,,,,,,,0.681,0.327,0.7884,0.0441,0.5946,0.7674,0.0334,0.7229,0.8539
half_life,hf,ChemBERTa_77M_MLM_Huber,CatBoost,,,,,,,,,,,,,0.0496,6.1565,0.4235,0.0721,-0.0917,0.1908,0.0768,0.273,0.574
half_life,hf,ChemBERTa_77M_MLM_Huber,LightGBM,,,,,,,,,,,,,-0.002,6.5925,0.3167,0.0759,-0.1507,0.1467,0.0864,0.1473,0.486
half_life,hf,ChemBERTa_77M_MLM_Huber,XGBoost,,,,,,,,,,,,,0.0012,6.4879,0.365,0.0782,-0.1521,0.1544,0.0842,0.2,0.5301
half_life,hf,ChemBERTa_77M_MTR_Huber,CatBoost,,,,,,,,,,,,,0.0624,5.7351,0.5097,0.0664,-0.0677,0.1926,0.067,0.3783,0.6411
half_life,hf,ChemBERTa_77M_MTR_Huber,LightGBM,,,,,,,,,,,,,0.0665,5.8617,0.511,0.0864,-0.1029,0.2358,0.0645,0.3845,0.6375
half_life,hf,ChemBERTa_77M_MTR_Huber,XGBoost,,,,,,,,,,,,,0.0034,5.9966,0.5135,0.0455,-0.0857,0.0926,0.0688,0.3787,0.6483
half_life,hf,MolFormer_Finetuned_Huber,CatBoost,,,,,,,,,,,,,0.0503,5.6402,0.5561,0.0566,-0.0607,0.1613,0.0605,0.4376,0.6746
half_life,hf,MolFormer_Finetuned_Huber,LightGBM,,,,,,,,,,,,,0.041,5.8001,0.5462,0.0498,-0.0566,0.1386,0.0561,0.4362,0.6562
half_life,hf,MolFormer_Finetuned_Huber,XGBoost,,,,,,,,,,,,,0.0903,5.5568,0.5684,0.0655,-0.0381,0.2186,0.0579,0.455,0.6818
half_life,unimol,UniMol_Huber,CatBoost,,,,,,,,,,,,,0.0578,5.7934,0.4477,0.0363,-0.0134,0.1289,0.0751,0.3004,0.5949
half_life,unimol,UniMol_Huber,LightGBM,,,,,,,,,,,,,0.1337,5.72,0.3852,0.0659,0.0045,0.2629,0.0834,0.2219,0.5486
half_life,unimol,UniMol_Huber,XGBoost,,,,,,,,,,,,,0.0878,5.7111,0.4247,0.0489,-0.0079,0.1836,0.0763,0.2752,0.5743
